File,aid,Date,0,8,16,32,40,48,97,105,113
Psn_QC_500m_2015361_aid0001,aid0001,2015-12-27 00:00:00+00:00,210691,1402.0,2172.0,5897.0,9.0,149.0,908.0,102.0,133.0
Psn_QC_500m_2016001_aid0001,aid0001,2016-01-01 00:00:00+00:00,209350,3308.0,3090.0,4664.0,15.0,57.0,791.0,113.0,75.0
Psn_QC_500m_2016009_aid0001,aid0001,2016-01-09 00:00:00+00:00,199562,7027.0,8300.0,3313.0,25.0,169.0,1538.0,1130.0,399.0
Psn_QC_500m_2016017_aid0001,aid0001,2016-01-17 00:00:00+00:00,203100,7213.0,6037.0,3888.0,4.0,26.0,450.0,660.0,85.0
Psn_QC_500m_2016025_aid0001,aid0001,2016-01-25 00:00:00+00:00,202724,8733.0,5742.0,3045.0,21.0,183.0,589.0,334.0,92.0
Psn_QC_500m_2016033_aid0001,aid0001,2016-02-02 00:00:00+00:00,215100,2034.0,546.0,3430.0,3.0,19.0,158.0,168.0,5.0
Psn_QC_500m_2016041_aid0001,aid0001,2016-02-10 00:00:00+00:00,212628,3954.0,1078.0,3537.0,8.0,10.0,150.0,97.0,1.0
Psn_QC_500m_2016057_aid0001,aid0001,2016-02-26 00:00:00+00:00,212939,4458.0,1005.0,2606.0,18.0,5.0,418.0,14.0,
Psn_QC_500m_2016065_aid0001,aid0001,2016-03-05 00:00:00+00:00,190404,19010.0,9793.0,845.0,21.0,45.0,896.0,380.0,69.0
Psn_QC_500m_2016073_aid0001,aid0001,2016-03-13 00:00:00+00:00,212332,4653.0,2464.0,1680.0,18.0,22.0,271.0,19.0,4.0
Psn_QC_500m_2016081_aid0001,aid0001,2016-03-21 00:00:00+00:00,203350,9785.0,6152.0,1817.0,35.0,26.0,148.0,115.0,35.0
Psn_QC_500m_2016089_aid0001,aid0001,2016-03-29 00:00:00+00:00,160610,29936.0,23815.0,328.0,65.0,65.0,3059.0,3158.0,427.0
Psn_QC_500m_2016097_aid0001,aid0001,2016-04-06 00:00:00+00:00,142470,49487.0,18152.0,670.0,86.0,136.0,1488.0,8278.0,696.0
Psn_QC_500m_2016105_aid0001,aid0001,2016-04-14 00:00:00+00:00,160526,31572.0,18627.0,2311.0,59.0,158.0,3275.0,4317.0,618.0
Psn_QC_500m_2016113_aid0001,aid0001,2016-04-22 00:00:00+00:00,114531,57099.0,36376.0,805.0,183.0,166.0,2771.0,8371.0,1161.0
Psn_QC_500m_2016121_aid0001,aid0001,2016-04-30 00:00:00+00:00,60899,74943.0,44319.0,1527.0,208.0,408.0,6338.0,27857.0,4964.0
Psn_QC_500m_2016129_aid0001,aid0001,2016-05-08 00:00:00+00:00,144005,23895.0,15379.0,7454.0,167.0,387.0,11654.0,15497.0,3025.0
Psn_QC_500m_2016137_aid0001,aid0001,2016-05-16 00:00:00+00:00,149050,19522.0,21207.0,3771.0,177.0,400.0,18896.0,5249.0,3191.0
Psn_QC_500m_2016145_aid0001,aid0001,2016-05-24 00:00:00+00:00,182279,10496.0,11603.0,5468.0,201.0,439.0,6032.0,3097.0,1848.0
Psn_QC_500m_2016153_aid0001,aid0001,2016-06-01 00:00:00+00:00,189215,10044.0,5991.0,2667.0,81.0,209.0,6150.0,5702.0,1404.0
Psn_QC_500m_2016161_aid0001,aid0001,2016-06-09 00:00:00+00:00,167336,20194.0,15649.0,1825.0,97.0,364.0,4866.0,7697.0,3435.0
Psn_QC_500m_2016169_aid0001,aid0001,2016-06-17 00:00:00+00:00,26495,93380.0,25053.0,185.0,43.0,215.0,3716.0,65306.0,7070.0
Psn_QC_500m_2016177_aid0001,aid0001,2016-06-25 00:00:00+00:00,115061,33696.0,38894.0,376.0,105.0,297.0,1284.0,25583.0,6167.0
Psn_QC_500m_2016185_aid0001,aid0001,2016-07-03 00:00:00+00:00,29859,83682.0,17246.0,214.0,49.0,53.0,2563.0,80852.0,6945.0
Psn_QC_500m_2016193_aid0001,aid0001,2016-07-11 00:00:00+00:00,162811,17613.0,19545.0,2526.0,77.0,230.0,4028.0,12197.0,2436.0
Psn_QC_500m_2016201_aid0001,aid0001,2016-07-19 00:00:00+00:00,152117,23329.0,18814.0,1152.0,86.0,335.0,6546.0,14393.0,4691.0
Psn_QC_500m_2016209_aid0001,aid0001,2016-07-27 00:00:00+00:00,178048,18293.0,6397.0,2156.0,65.0,143.0,5000.0,9721.0,1640.0
Psn_QC_500m_2016217_aid0001,aid0001,2016-08-04 00:00:00+00:00,80711,58570.0,13078.0,212.0,164.0,123.0,7939.0,57650.0,3016.0
Psn_QC_500m_2016225_aid0001,aid0001,2016-08-12 00:00:00+00:00,188692,12675.0,9531.0,3805.0,65.0,79.0,3466.0,2444.0,706.0
Psn_QC_500m_2016233_aid0001,aid0001,2016-08-20 00:00:00+00:00,175940,22628.0,6229.0,1005.0,106.0,174.0,7801.0,6020.0,1560.0
Psn_QC_500m_2016241_aid0001,aid0001,2016-08-28 00:00:00+00:00,153762,34543.0,12025.0,350.0,58.0,74.0,3595.0,15777.0,1279.0
Psn_QC_500m_2016249_aid0001,aid0001,2016-09-05 00:00:00+00:00,196624,12597.0,6101.0,3015.0,65.0,86.0,2322.0,353.0,300.0
Psn_QC_500m_2016257_aid0001,aid0001,2016-09-13 00:00:00+00:00,171643,32286.0,11010.0,1391.0,99.0,251.0,1697.0,2296.0,790.0
Psn_QC_500m_2016265_aid0001,aid0001,2016-09-21 00:00:00+00:00,175952,22022.0,7652.0,1269.0,50.0,34.0,6379.0,7108.0,997.0
Psn_QC_500m_2016273_aid0001,aid0001,2016-09-29 00:00:00+00:00,122392,64292.0,18538.0,1042.0,83.0,63.0,4073.0,9653.0,1327.0
Psn_QC_500m_2016281_aid0001,aid0001,2016-10-07 00:00:00+00:00,169402,27410.0,11954.0,963.0,69.0,205.0,3896.0,5966.0,1598.0
Psn_QC_500m_2016289_aid0001,aid0001,2016-10-15 00:00:00+00:00,164153,29243.0,16504.0,939.0,51.0,110.0,2546.0,6338.0,1579.0
Psn_QC_500m_2016297_aid0001,aid0001,2016-10-23 00:00:00+00:00,174876,22615.0,13084.0,2118.0,107.0,230.0,3000.0,4570.0,863.0
Psn_QC_500m_2016305_aid0001,aid0001,2016-10-31 00:00:00+00:00,208618,5974.0,1344.0,5000.0,3.0,9.0,499.0,,16.0
Psn_QC_500m_2016313_aid0001,aid0001,2016-11-08 00:00:00+00:00,199359,10870.0,6409.0,4662.0,11.0,115.0,32.0,2.0,3.0
Psn_QC_500m_2016321_aid0001,aid0001,2016-11-16 00:00:00+00:00,155474,42301.0,19227.0,1978.0,69.0,197.0,1136.0,790.0,291.0
Psn_QC_500m_2016329_aid0001,aid0001,2016-11-24 00:00:00+00:00,171680,20960.0,16021.0,1423.0,33.0,84.0,2935.0,6950.0,1377.0
Psn_QC_500m_2016337_aid0001,aid0001,2016-12-02 00:00:00+00:00,213680,1833.0,917.0,4896.0,2.0,16.0,98.0,8.0,13.0
Psn_QC_500m_2016345_aid0001,aid0001,2016-12-10 00:00:00+00:00,207462,6545.0,2409.0,4583.0,2.0,50.0,356.0,42.0,14.0
Psn_QC_500m_2016353_aid0001,aid0001,2016-12-18 00:00:00+00:00,212958,3453.0,395.0,4464.0,5.0,36.0,135.0,3.0,14.0
Psn_QC_500m_2016361_aid0001,aid0001,2016-12-26 00:00:00+00:00,215997,666.0,288.0,4322.0,,5.0,185.0,,
Psn_QC_500m_2017001_aid0001,aid0001,2017-01-01 00:00:00+00:00,217217,3.0,3.0,4005.0,,,234.0,,1.0
Psn_QC_500m_2017009_aid0001,aid0001,2017-01-09 00:00:00+00:00,217204,734.0,133.0,3193.0,,,193.0,,6.0
Psn_QC_500m_2017017_aid0001,aid0001,2017-01-17 00:00:00+00:00,218305,187.0,22.0,2705.0,,,244.0,,
Psn_QC_500m_2017025_aid0001,aid0001,2017-01-25 00:00:00+00:00,201900,15505.0,2305.0,1584.0,25.0,10.0,129.0,5.0,
Psn_QC_500m_2017033_aid0001,aid0001,2017-02-02 00:00:00+00:00,210669,7442.0,975.0,2016.0,7.0,12.0,301.0,19.0,22.0
Psn_QC_500m_2017041_aid0001,aid0001,2017-02-10 00:00:00+00:00,203503,14990.0,1832.0,1036.0,16.0,35.0,36.0,14.0,1.0
Psn_QC_500m_2017049_aid0001,aid0001,2017-02-18 00:00:00+00:00,204833,12937.0,2383.0,467.0,13.0,,522.0,263.0,45.0
Psn_QC_500m_2017057_aid0001,aid0001,2017-02-26 00:00:00+00:00,195434,14422.0,9660.0,598.0,12.0,18.0,484.0,703.0,132.0
Psn_QC_500m_2017065_aid0001,aid0001,2017-03-06 00:00:00+00:00,218054,1707.0,408.0,1260.0,2.0,9.0,23.0,,
Psn_QC_500m_2017073_aid0001,aid0001,2017-03-14 00:00:00+00:00,209331,7965.0,2589.0,1206.0,21.0,73.0,141.0,135.0,2.0
Psn_QC_500m_2017081_aid0001,aid0001,2017-03-22 00:00:00+00:00,130330,55644.0,23677.0,115.0,8.0,39.0,2438.0,8492.0,720.0
Psn_QC_500m_2017089_aid0001,aid0001,2017-03-30 00:00:00+00:00,206201,8934.0,3646.0,1944.0,36.0,70.0,508.0,107.0,17.0
Psn_QC_500m_2017097_aid0001,aid0001,2017-04-07 00:00:00+00:00,192158,14046.0,11337.0,3691.0,14.0,10.0,163.0,28.0,16.0
Psn_QC_500m_2017105_aid0001,aid0001,2017-04-15 00:00:00+00:00,164883,30526.0,18118.0,2202.0,44.0,140.0,1917.0,3272.0,361.0
Psn_QC_500m_2017113_aid0001,aid0001,2017-04-23 00:00:00+00:00,124213,69181.0,13941.0,989.0,64.0,98.0,3085.0,8606.0,1286.0
Psn_QC_500m_2017121_aid0001,aid0001,2017-05-01 00:00:00+00:00,120298,51612.0,39700.0,2365.0,161.0,387.0,2194.0,3828.0,918.0
Psn_QC_500m_2017129_aid0001,aid0001,2017-05-09 00:00:00+00:00,153018,30892.0,24113.0,2973.0,181.0,432.0,2888.0,5209.0,1757.0
Psn_QC_500m_2017137_aid0001,aid0001,2017-05-17 00:00:00+00:00,162811,24266.0,17095.0,3691.0,88.0,227.0,6470.0,3824.0,2991.0
Psn_QC_500m_2017145_aid0001,aid0001,2017-05-25 00:00:00+00:00,126863,39985.0,21255.0,2313.0,108.0,400.0,10562.0,16730.0,3247.0
Psn_QC_500m_2017153_aid0001,aid0001,2017-06-02 00:00:00+00:00,176804,13148.0,13605.0,3332.0,121.0,302.0,6176.0,5231.0,2744.0
Psn_QC_500m_2017161_aid0001,aid0001,2017-06-10 00:00:00+00:00,165721,15704.0,19332.0,2105.0,83.0,321.0,6701.0,7677.0,3819.0
Psn_QC_500m_2017169_aid0001,aid0001,2017-06-18 00:00:00+00:00,183403,15063.0,9183.0,2334.0,96.0,251.0,3933.0,4771.0,2429.0
Psn_QC_500m_2017177_aid0001,aid0001,2017-06-26 00:00:00+00:00,109038,54888.0,29182.0,159.0,84.0,183.0,2096.0,22948.0,2885.0
Psn_QC_500m_2017185_aid0001,aid0001,2017-07-04 00:00:00+00:00,99837,45196.0,40476.0,305.0,100.0,103.0,5103.0,20727.0,9616.0
Psn_QC_500m_2017193_aid0001,aid0001,2017-07-12 00:00:00+00:00,136184,31569.0,32139.0,900.0,68.0,267.0,1884.0,14102.0,4350.0
Psn_QC_500m_2017201_aid0001,aid0001,2017-07-20 00:00:00+00:00,68528,57809.0,25832.0,100.0,48.0,91.0,2745.0,61963.0,4347.0
Psn_QC_500m_2017209_aid0001,aid0001,2017-07-28 00:00:00+00:00,151818,22960.0,21667.0,561.0,70.0,163.0,4528.0,14819.0,4877.0
Psn_QC_500m_2017217_aid0001,aid0001,2017-08-05 00:00:00+00:00,104030,51307.0,20397.0,538.0,89.0,119.0,5243.0,37394.0,2346.0
Psn_QC_500m_2017225_aid0001,aid0001,2017-08-13 00:00:00+00:00,153181,26440.0,25537.0,670.0,118.0,191.0,3291.0,8960.0,3075.0
Psn_QC_500m_2017233_aid0001,aid0001,2017-08-21 00:00:00+00:00,147681,32989.0,20294.0,1220.0,68.0,123.0,2517.0,15144.0,1427.0
Psn_QC_500m_2017241_aid0001,aid0001,2017-08-29 00:00:00+00:00,6699,87746.0,9065.0,8.0,67.0,39.0,2060.0,113487.0,2292.0
Psn_QC_500m_2017249_aid0001,aid0001,2017-09-06 00:00:00+00:00,142061,22486.0,36149.0,1226.0,86.0,273.0,4263.0,10807.0,4112.0
Psn_QC_500m_2017257_aid0001,aid0001,2017-09-14 00:00:00+00:00,115091,39713.0,35054.0,801.0,74.0,114.0,5852.0,22400.0,2364.0
Psn_QC_500m_2017265_aid0001,aid0001,2017-09-22 00:00:00+00:00,164359,16568.0,20263.0,3168.0,80.0,235.0,7962.0,6477.0,2351.0
Psn_QC_500m_2017273_aid0001,aid0001,2017-09-30 00:00:00+00:00,182660,15773.0,10700.0,1557.0,110.0,157.0,4627.0,4884.0,995.0
Psn_QC_500m_2017281_aid0001,aid0001,2017-10-08 00:00:00+00:00,134766,48402.0,22263.0,2190.0,118.0,244.0,2812.0,8095.0,2573.0
Psn_QC_500m_2017289_aid0001,aid0001,2017-10-16 00:00:00+00:00,81409,59670.0,24627.0,457.0,38.0,122.0,10990.0,41394.0,2756.0
Psn_QC_500m_2017297_aid0001,aid0001,2017-10-24 00:00:00+00:00,137539,42580.0,28527.0,2957.0,240.0,383.0,1931.0,5533.0,1773.0
Psn_QC_500m_2017305_aid0001,aid0001,2017-11-01 00:00:00+00:00,98343,61189.0,33290.0,3585.0,119.0,241.0,8910.0,11864.0,3922.0
Psn_QC_500m_2017313_aid0001,aid0001,2017-11-09 00:00:00+00:00,196975,2309.0,13895.0,6267.0,61.0,353.0,1051.0,289.0,263.0
Psn_QC_500m_2017321_aid0001,aid0001,2017-11-17 00:00:00+00:00,200292,2123.0,13860.0,4534.0,3.0,27.0,581.0,37.0,6.0
Psn_QC_500m_2017329_aid0001,aid0001,2017-11-25 00:00:00+00:00,204191,3889.0,6697.0,5482.0,29.0,207.0,648.0,216.0,104.0
Psn_QC_500m_2017337_aid0001,aid0001,2017-12-03 00:00:00+00:00,216032,176.0,209.0,4531.0,,337.0,177.0,1.0,
Psn_QC_500m_2017345_aid0001,aid0001,2017-12-11 00:00:00+00:00,215111,726.0,803.0,4711.0,,,112.0,,
Psn_QC_500m_2017353_aid0001,aid0001,2017-12-19 00:00:00+00:00,216688,123.0,56.0,4414.0,,,182.0,,
Psn_QC_500m_2017361_aid0001,aid0001,2017-12-27 00:00:00+00:00,217028,430.0,102.0,3709.0,2.0,36.0,147.0,3.0,6.0
Psn_QC_500m_2018001_aid0001,aid0001,2018-01-01 00:00:00+00:00,212460,5115.0,1579.0,1830.0,2.0,107.0,277.0,72.0,21.0
Psn_QC_500m_2018009_aid0001,aid0001,2018-01-09 00:00:00+00:00,216969,1875.0,326.0,2167.0,10.0,8.0,35.0,68.0,5.0
Psn_QC_500m_2018017_aid0001,aid0001,2018-01-17 00:00:00+00:00,216736,2540.0,131.0,1869.0,1.0,3.0,182.0,1.0,
Psn_QC_500m_2018025_aid0001,aid0001,2018-01-25 00:00:00+00:00,214645,4752.0,947.0,873.0,2.0,7.0,196.0,,41.0
Psn_QC_500m_2018033_aid0001,aid0001,2018-02-02 00:00:00+00:00,216422,3647.0,263.0,1049.0,3.0,22.0,56.0,,1.0
Psn_QC_500m_2018041_aid0001,aid0001,2018-02-10 00:00:00+00:00,211557,7963.0,1089.0,804.0,7.0,,39.0,2.0,2.0
Psn_QC_500m_2018049_aid0001,aid0001,2018-02-18 00:00:00+00:00,182914,27849.0,8736.0,147.0,30.0,31.0,805.0,798.0,153.0
Psn_QC_500m_2018057_aid0001,aid0001,2018-02-26 00:00:00+00:00,173360,26553.0,19486.0,967.0,57.0,130.0,497.0,347.0,66.0
Psn_QC_500m_2018065_aid0001,aid0001,2018-03-06 00:00:00+00:00,212643,3873.0,2788.0,1925.0,9.0,2.0,152.0,57.0,14.0
Psn_QC_500m_2018073_aid0001,aid0001,2018-03-14 00:00:00+00:00,113585,66255.0,30655.0,276.0,51.0,40.0,2434.0,7525.0,642.0
Psn_QC_500m_2018081_aid0001,aid0001,2018-03-22 00:00:00+00:00,194669,11311.0,12072.0,2263.0,42.0,67.0,621.0,224.0,194.0
Psn_QC_500m_2018089_aid0001,aid0001,2018-03-30 00:00:00+00:00,158039,32753.0,15558.0,1574.0,93.0,90.0,4622.0,7633.0,1101.0
Psn_QC_500m_2018097_aid0001,aid0001,2018-04-07 00:00:00+00:00,155211,29511.0,20540.0,2285.0,57.0,133.0,2472.0,9878.0,1376.0
Psn_QC_500m_2018105_aid0001,aid0001,2018-04-15 00:00:00+00:00,123618,33552.0,24691.0,1180.0,121.0,205.0,13043.0,21031.0,4022.0
Psn_QC_500m_2018113_aid0001,aid0001,2018-04-23 00:00:00+00:00,136121,25781.0,42138.0,4481.0,115.0,632.0,3205.0,5919.0,3071.0
Psn_QC_500m_2018121_aid0001,aid0001,2018-05-01 00:00:00+00:00,135903,22827.0,39838.0,4290.0,133.0,553.0,5020.0,9002.0,3897.0
Psn_QC_500m_2018129_aid0001,aid0001,2018-05-09 00:00:00+00:00,157269,18609.0,25982.0,5622.0,187.0,587.0,6787.0,3682.0,2738.0
Psn_QC_500m_2018137_aid0001,aid0001,2018-05-17 00:00:00+00:00,109282,32585.0,30674.0,4362.0,119.0,521.0,11992.0,23991.0,7937.0
Psn_QC_500m_2018145_aid0001,aid0001,2018-05-25 00:00:00+00:00,129008,29666.0,26402.0,4387.0,253.0,746.0,9299.0,17176.0,4526.0
Psn_QC_500m_2018153_aid0001,aid0001,2018-06-02 00:00:00+00:00,71932,25508.0,31666.0,1051.0,86.0,253.0,14362.0,61773.0,14832.0
Psn_QC_500m_2018161_aid0001,aid0001,2018-06-10 00:00:00+00:00,156517,11140.0,17141.0,3398.0,61.0,160.0,5642.0,21733.0,5671.0
Psn_QC_500m_2018169_aid0001,aid0001,2018-06-18 00:00:00+00:00,131822,29195.0,26467.0,866.0,203.0,276.0,8740.0,13957.0,9937.0
Psn_QC_500m_2018177_aid0001,aid0001,2018-06-26 00:00:00+00:00,71639,49673.0,55342.0,424.0,124.0,277.0,2549.0,34625.0,6810.0
Psn_QC_500m_2018185_aid0001,aid0001,2018-07-04 00:00:00+00:00,130397,18034.0,19639.0,1740.0,63.0,328.0,9619.0,32775.0,8868.0
Psn_QC_500m_2018193_aid0001,aid0001,2018-07-12 00:00:00+00:00,146536,21235.0,16062.0,1094.0,69.0,142.0,6140.0,26044.0,4141.0
Psn_QC_500m_2018201_aid0001,aid0001,2018-07-20 00:00:00+00:00,120063,29847.0,17218.0,689.0,117.0,204.0,13029.0,35349.0,4947.0
Psn_QC_500m_2018209_aid0001,aid0001,2018-07-28 00:00:00+00:00,190907,8431.0,8796.0,2436.0,53.0,182.0,2983.0,5489.0,2186.0
Psn_QC_500m_2018217_aid0001,aid0001,2018-08-05 00:00:00+00:00,157048,38358.0,16933.0,3051.0,172.0,140.0,2620.0,2411.0,730.0
Psn_QC_500m_2018225_aid0001,aid0001,2018-08-13 00:00:00+00:00,166014,20488.0,16450.0,2136.0,77.0,152.0,3701.0,10417.0,2028.0
Psn_QC_500m_2018233_aid0001,aid0001,2018-08-21 00:00:00+00:00,78536,55438.0,36928.0,291.0,44.0,165.0,6309.0,37216.0,6536.0
Psn_QC_500m_2018241_aid0001,aid0001,2018-08-29 00:00:00+00:00,119416,36742.0,32439.0,786.0,137.0,267.0,5145.0,23164.0,3367.0
Psn_QC_500m_2018249_aid0001,aid0001,2018-09-06 00:00:00+00:00,195195,8391.0,7869.0,3268.0,89.0,237.0,3724.0,2203.0,487.0
Psn_QC_500m_2018257_aid0001,aid0001,2018-09-14 00:00:00+00:00,182608,14917.0,11950.0,2339.0,98.0,118.0,3968.0,4692.0,773.0
Psn_QC_500m_2018265_aid0001,aid0001,2018-09-22 00:00:00+00:00,160373,25985.0,19395.0,1557.0,100.0,194.0,8257.0,4383.0,1219.0
Psn_QC_500m_2018273_aid0001,aid0001,2018-09-30 00:00:00+00:00,179254,19491.0,11415.0,1776.0,147.0,280.0,4924.0,3508.0,668.0
Psn_QC_500m_2018281_aid0001,aid0001,2018-10-08 00:00:00+00:00,148985,36328.0,10877.0,1481.0,90.0,109.0,6829.0,15236.0,1528.0
Psn_QC_500m_2018289_aid0001,aid0001,2018-10-16 00:00:00+00:00,182393,12215.0,16285.0,4064.0,55.0,179.0,3967.0,1538.0,767.0
Psn_QC_500m_2018297_aid0001,aid0001,2018-10-24 00:00:00+00:00,164414,29847.0,15780.0,1774.0,98.0,210.0,4615.0,3940.0,785.0
Psn_QC_500m_2018305_aid0001,aid0001,2018-11-01 00:00:00+00:00,190134,13863.0,10298.0,3261.0,42.0,169.0,2712.0,638.0,346.0
Psn_QC_500m_2018313_aid0001,aid0001,2018-11-09 00:00:00+00:00,181416,14590.0,11256.0,2577.0,64.0,114.0,6347.0,3971.0,1128.0
Psn_QC_500m_2018321_aid0001,aid0001,2018-11-17 00:00:00+00:00,206178,4769.0,4355.0,5579.0,17.0,64.0,493.0,7.0,1.0
Psn_QC_500m_2018329_aid0001,aid0001,2018-11-25 00:00:00+00:00,198978,10404.0,6005.0,4250.0,22.0,64.0,1097.0,531.0,112.0
Psn_QC_500m_2018337_aid0001,aid0001,2018-12-03 00:00:00+00:00,194934,13154.0,8580.0,1699.0,113.0,375.0,1262.0,952.0,394.0
Psn_QC_500m_2018345_aid0001,aid0001,2018-12-11 00:00:00+00:00,210947,2466.0,3008.0,4108.0,9.0,118.0,601.0,143.0,63.0
Psn_QC_500m_2018353_aid0001,aid0001,2018-12-19 00:00:00+00:00,212238,1572.0,2640.0,4656.0,,30.0,276.0,45.0,6.0
Psn_QC_500m_2018361_aid0001,aid0001,2018-12-27 00:00:00+00:00,206832,6331.0,3065.0,4535.0,18.0,16.0,612.0,40.0,14.0
Psn_QC_500m_2019001_aid0001,aid0001,2019-01-01 00:00:00+00:00,211552,3987.0,1160.0,4631.0,19.0,11.0,101.0,2.0,
Psn_QC_500m_2019009_aid0001,aid0001,2019-01-09 00:00:00+00:00,213233,3090.0,747.0,4200.0,1.0,8.0,159.0,25.0,
Psn_QC_500m_2019017_aid0001,aid0001,2019-01-17 00:00:00+00:00,215135,2015.0,297.0,3824.0,2.0,17.0,173.0,,
Psn_QC_500m_2019025_aid0001,aid0001,2019-01-25 00:00:00+00:00,215903,1843.0,1233.0,2375.0,,,90.0,6.0,13.0
Psn_QC_500m_2019033_aid0001,aid0001,2019-02-02 00:00:00+00:00,217367,1559.0,79.0,2430.0,7.0,1.0,18.0,2.0,
Psn_QC_500m_2019041_aid0001,aid0001,2019-02-10 00:00:00+00:00,209822,10056.0,425.0,941.0,8.0,10.0,185.0,9.0,7.0
Psn_QC_500m_2019049_aid0001,aid0001,2019-02-18 00:00:00+00:00,200054,12565.0,5715.0,1356.0,22.0,12.0,1099.0,542.0,98.0
Psn_QC_500m_2019057_aid0001,aid0001,2019-02-26 00:00:00+00:00,215741,4362.0,545.0,640.0,7.0,3.0,155.0,9.0,1.0
Psn_QC_500m_2019065_aid0001,aid0001,2019-03-06 00:00:00+00:00,211328,4313.0,4167.0,1375.0,9.0,5.0,249.0,9.0,8.0
Psn_QC_500m_2019073_aid0001,aid0001,2019-03-14 00:00:00+00:00,214496,4756.0,1006.0,974.0,15.0,9.0,194.0,9.0,4.0
Psn_QC_500m_2019081_aid0001,aid0001,2019-03-22 00:00:00+00:00,212002,6179.0,1865.0,1126.0,27.0,3.0,234.0,9.0,18.0
Psn_QC_500m_2019089_aid0001,aid0001,2019-03-30 00:00:00+00:00,203022,10547.0,5202.0,1547.0,14.0,38.0,858.0,208.0,27.0
Psn_QC_500m_2019097_aid0001,aid0001,2019-04-07 00:00:00+00:00,171552,36958.0,8216.0,423.0,97.0,32.0,1568.0,2554.0,63.0
Psn_QC_500m_2019105_aid0001,aid0001,2019-04-15 00:00:00+00:00,175848,24692.0,15833.0,1724.0,99.0,203.0,948.0,1807.0,309.0
Psn_QC_500m_2019113_aid0001,aid0001,2019-04-23 00:00:00+00:00,172631,22758.0,17729.0,4208.0,167.0,196.0,2382.0,1098.0,294.0
Psn_QC_500m_2019121_aid0001,aid0001,2019-05-01 00:00:00+00:00,188801,14421.0,8905.0,4655.0,71.0,156.0,2655.0,1249.0,550.0
Psn_QC_500m_2019129_aid0001,aid0001,2019-05-09 00:00:00+00:00,117109,61890.0,28728.0,1568.0,190.0,335.0,3897.0,5920.0,1826.0
Psn_QC_500m_2019137_aid0001,aid0001,2019-05-17 00:00:00+00:00,123947,47041.0,25719.0,6215.0,376.0,541.0,4302.0,10221.0,3101.0
Psn_QC_500m_2019145_aid0001,aid0001,2019-05-25 00:00:00+00:00,158918,21512.0,14781.0,8492.0,159.0,370.0,8452.0,5588.0,3191.0
Psn_QC_500m_2019153_aid0001,aid0001,2019-06-02 00:00:00+00:00,107080,31158.0,38644.0,2999.0,139.0,631.0,7681.0,23405.0,9726.0
Psn_QC_500m_2019161_aid0001,aid0001,2019-06-10 00:00:00+00:00,110718,23876.0,36903.0,3885.0,126.0,471.0,9579.0,25948.0,9957.0
Psn_QC_500m_2019169_aid0001,aid0001,2019-06-18 00:00:00+00:00,91507,38985.0,47222.0,2156.0,290.0,508.0,6208.0,23563.0,11024.0
Psn_QC_500m_2019177_aid0001,aid0001,2019-06-26 00:00:00+00:00,80029,41093.0,34257.0,1569.0,195.0,488.0,13470.0,37629.0,12733.0
Psn_QC_500m_2019185_aid0001,aid0001,2019-07-04 00:00:00+00:00,164300,14826.0,27637.0,4397.0,249.0,518.0,2345.0,4429.0,2762.0
Psn_QC_500m_2019193_aid0001,aid0001,2019-07-12 00:00:00+00:00,121093,26478.0,31096.0,2474.0,158.0,342.0,15194.0,18639.0,5989.0
Psn_QC_500m_2019201_aid0001,aid0001,2019-07-20 00:00:00+00:00,115054,43819.0,25988.0,2272.0,183.0,182.0,5897.0,23003.0,5065.0
Psn_QC_500m_2019209_aid0001,aid0001,2019-07-28 00:00:00+00:00,102020,50995.0,31830.0,1722.0,69.0,198.0,5531.0,23892.0,5206.0
Psn_QC_500m_2019217_aid0001,aid0001,2019-08-05 00:00:00+00:00,155917,23812.0,17350.0,1489.0,115.0,196.0,11454.0,8941.0,2189.0
Psn_QC_500m_2019225_aid0001,aid0001,2019-08-13 00:00:00+00:00,95357,44909.0,28255.0,819.0,123.0,350.0,7652.0,37482.0,6516.0
Psn_QC_500m_2019233_aid0001,aid0001,2019-08-21 00:00:00+00:00,150590,25945.0,20507.0,1809.0,143.0,227.0,3233.0,14940.0,4069.0
Psn_QC_500m_2019241_aid0001,aid0001,2019-08-29 00:00:00+00:00,127499,36953.0,15749.0,3201.0,135.0,203.0,9889.0,24704.0,3130.0
Psn_QC_500m_2019249_aid0001,aid0001,2019-09-06 00:00:00+00:00,157882,27083.0,24269.0,1449.0,85.0,139.0,3534.0,5722.0,1300.0
Psn_QC_500m_2019257_aid0001,aid0001,2019-09-14 00:00:00+00:00,193960,8661.0,7359.0,3899.0,109.0,223.0,3743.0,2392.0,1117.0
Psn_QC_500m_2019265_aid0001,aid0001,2019-09-22 00:00:00+00:00,135217,39282.0,18931.0,1241.0,134.0,233.0,5868.0,17702.0,2855.0
Psn_QC_500m_2019273_aid0001,aid0001,2019-09-30 00:00:00+00:00,113756,57191.0,26984.0,1580.0,144.0,201.0,6496.0,12388.0,2723.0
Psn_QC_500m_2019281_aid0001,aid0001,2019-10-08 00:00:00+00:00,130956,42556.0,30668.0,1719.0,139.0,368.0,3250.0,9824.0,1983.0
Psn_QC_500m_2019289_aid0001,aid0001,2019-10-16 00:00:00+00:00,121206,42982.0,39086.0,1985.0,69.0,307.0,5262.0,8031.0,2535.0
Psn_QC_500m_2019297_aid0001,aid0001,2019-10-24 00:00:00+00:00,169884,16322.0,20897.0,4182.0,97.0,394.0,4005.0,3896.0,1786.0
Psn_QC_500m_2019305_aid0001,aid0001,2019-11-01 00:00:00+00:00,137732,27006.0,40835.0,3214.0,104.0,501.0,4618.0,5330.0,2123.0
Psn_QC_500m_2019313_aid0001,aid0001,2019-11-09 00:00:00+00:00,152017,22001.0,34067.0,4167.0,110.0,405.0,3352.0,3834.0,1510.0
Psn_QC_500m_2019321_aid0001,aid0001,2019-11-17 00:00:00+00:00,165728,13152.0,22098.0,1826.0,58.0,173.0,8646.0,6505.0,3277.0
Psn_QC_500m_2019329_aid0001,aid0001,2019-11-25 00:00:00+00:00,178823,10023.0,19713.0,5223.0,48.0,304.0,3913.0,1811.0,1605.0
Psn_QC_500m_2019337_aid0001,aid0001,2019-12-03 00:00:00+00:00,172736,13274.0,20961.0,5304.0,22.0,304.0,4196.0,2475.0,2191.0
Psn_QC_500m_2019345_aid0001,aid0001,2019-12-11 00:00:00+00:00,189089,6398.0,13616.0,6613.0,26.0,280.0,2893.0,1748.0,800.0
Psn_QC_500m_2019353_aid0001,aid0001,2019-12-19 00:00:00+00:00,195210,4341.0,7974.0,9051.0,37.0,196.0,2580.0,1316.0,758.0
Psn_QC_500m_2019361_aid0001,aid0001,2019-12-27 00:00:00+00:00,199082,4240.0,7706.0,7434.0,20.0,105.0,1207.0,1255.0,414.0
Psn_QC_500m_2020001_aid0001,aid0001,2020-01-01 00:00:00+00:00,201766,3849.0,7104.0,6192.0,46.0,103.0,1378.0,674.0,351.0
Psn_QC_500m_2020009_aid0001,aid0001,2020-01-09 00:00:00+00:00,205083,2458.0,6367.0,5888.0,23.0,125.0,1045.0,219.0,255.0
Psn_QC_500m_2020017_aid0001,aid0001,2020-01-17 00:00:00+00:00,213330,1341.0,1415.0,4599.0,8.0,23.0,447.0,208.0,92.0
Psn_QC_500m_2020025_aid0001,aid0001,2020-01-25 00:00:00+00:00,142383,31156.0,34563.0,861.0,16.0,224.0,2483.0,7798.0,1979.0
Psn_QC_500m_2020033_aid0001,aid0001,2020-02-02 00:00:00+00:00,206982,2820.0,5311.0,4138.0,18.0,67.0,1488.0,244.0,395.0
Psn_QC_500m_2020041_aid0001,aid0001,2020-02-10 00:00:00+00:00,215305,1449.0,1226.0,2622.0,22.0,30.0,500.0,219.0,90.0
Psn_QC_500m_2020049_aid0001,aid0001,2020-02-18 00:00:00+00:00,207896,3517.0,4788.0,3517.0,25.0,123.0,1145.0,313.0,139.0
Psn_QC_500m_2020057_aid0001,aid0001,2020-02-26 00:00:00+00:00,198050,9292.0,7517.0,3620.0,50.0,46.0,1415.0,1216.0,257.0
Psn_QC_500m_2020065_aid0001,aid0001,2020-03-05 00:00:00+00:00,155459,21122.0,29771.0,1333.0,66.0,87.0,8535.0,3081.0,2009.0
Psn_QC_500m_2020073_aid0001,aid0001,2020-03-13 00:00:00+00:00,197618,8311.0,10580.0,1678.0,60.0,83.0,1180.0,1447.0,506.0
Psn_QC_500m_2020081_aid0001,aid0001,2020-03-21 00:00:00+00:00,100326,67811.0,36214.0,742.0,116.0,160.0,3240.0,11276.0,1578.0
Psn_QC_500m_2020089_aid0001,aid0001,2020-03-29 00:00:00+00:00,146586,35139.0,25349.0,1868.0,111.0,429.0,5983.0,5281.0,717.0
Psn_QC_500m_2020097_aid0001,aid0001,2020-04-06 00:00:00+00:00,191331,9338.0,10345.0,4898.0,23.0,111.0,3068.0,1872.0,477.0
Psn_QC_500m_2020105_aid0001,aid0001,2020-04-14 00:00:00+00:00,92246,62058.0,28794.0,1321.0,56.0,248.0,11162.0,19786.0,5792.0
Psn_QC_500m_2020113_aid0001,aid0001,2020-04-22 00:00:00+00:00,39564,85360.0,17826.0,509.0,167.0,268.0,16036.0,51727.0,10006.0
Psn_QC_500m_2020121_aid0001,aid0001,2020-04-30 00:00:00+00:00,123126,23764.0,32206.0,6781.0,178.0,398.0,8457.0,19461.0,7092.0
Psn_QC_500m_2020129_aid0001,aid0001,2020-05-08 00:00:00+00:00,145598,22626.0,24004.0,7330.0,162.0,572.0,9743.0,8292.0,3136.0
Psn_QC_500m_2020137_aid0001,aid0001,2020-05-16 00:00:00+00:00,177086,6806.0,12507.0,11743.0,110.0,449.0,6797.0,3279.0,2686.0
Psn_QC_500m_2020145_aid0001,aid0001,2020-05-24 00:00:00+00:00,89078,34197.0,42255.0,2530.0,266.0,779.0,18408.0,21658.0,12292.0
Psn_QC_500m_2020153_aid0001,aid0001,2020-06-01 00:00:00+00:00,124598,34365.0,21945.0,4074.0,218.0,425.0,8648.0,22264.0,4926.0
Psn_QC_500m_2020161_aid0001,aid0001,2020-06-09 00:00:00+00:00,112263,35205.0,30857.0,1474.0,257.0,467.0,13915.0,16610.0,10415.0
Psn_QC_500m_2020169_aid0001,aid0001,2020-06-17 00:00:00+00:00,154262,13014.0,13729.0,3768.0,122.0,278.0,13729.0,15993.0,6568.0
Psn_QC_500m_2020177_aid0001,aid0001,2020-06-25 00:00:00+00:00,137561,27011.0,30180.0,938.0,291.0,615.0,2652.0,15904.0,6311.0
Psn_QC_500m_2020185_aid0001,aid0001,2020-07-03 00:00:00+00:00,140998,25285.0,19672.0,3448.0,73.0,195.0,4848.0,21607.0,5337.0
Psn_QC_500m_2020193_aid0001,aid0001,2020-07-11 00:00:00+00:00,81214,41348.0,19878.0,229.0,87.0,179.0,13497.0,54235.0,10796.0
Psn_QC_500m_2020201_aid0001,aid0001,2020-07-19 00:00:00+00:00,47316,50293.0,38130.0,238.0,109.0,258.0,2750.0,76310.0,6059.0
Psn_QC_500m_2020209_aid0001,aid0001,2020-07-27 00:00:00+00:00,135182,28145.0,15505.0,665.0,91.0,177.0,3531.0,35729.0,2438.0
Psn_QC_500m_2020217_aid0001,aid0001,2020-08-04 00:00:00+00:00,83247,48807.0,18581.0,462.0,57.0,130.0,8918.0,56281.0,4980.0
Psn_QC_500m_2020225_aid0001,aid0001,2020-08-12 00:00:00+00:00,128520,30836.0,11829.0,1126.0,72.0,69.0,8177.0,37845.0,2989.0
Psn_QC_500m_2020233_aid0001,aid0001,2020-08-20 00:00:00+00:00,131362,34710.0,21600.0,879.0,132.0,240.0,4528.0,24468.0,3544.0
Psn_QC_500m_2020241_aid0001,aid0001,2020-08-28 00:00:00+00:00,118893,31032.0,41503.0,634.0,134.0,254.0,10998.0,14274.0,3741.0
Psn_QC_500m_2020249_aid0001,aid0001,2020-09-05 00:00:00+00:00,165398,17598.0,14531.0,1358.0,94.0,193.0,7163.0,12464.0,2664.0
Psn_QC_500m_2020257_aid0001,aid0001,2020-09-13 00:00:00+00:00,172273,18235.0,8647.0,2771.0,91.0,110.0,9982.0,8287.0,1067.0
Psn_QC_500m_2020265_aid0001,aid0001,2020-09-21 00:00:00+00:00,139363,30843.0,18154.0,1909.0,89.0,237.0,5707.0,21877.0,3284.0
Psn_QC_500m_2020273_aid0001,aid0001,2020-09-29 00:00:00+00:00,141661,34733.0,18809.0,1872.0,170.0,352.0,10830.0,10623.0,2413.0
Psn_QC_500m_2020281_aid0001,aid0001,2020-10-07 00:00:00+00:00,151333,31202.0,17473.0,3147.0,117.0,167.0,5487.0,11175.0,1362.0
Psn_QC_500m_2020289_aid0001,aid0001,2020-10-15 00:00:00+00:00,103684,26986.0,43769.0,1420.0,139.0,395.0,21719.0,14349.0,9002.0
Psn_QC_500m_2020297_aid0001,aid0001,2020-10-23 00:00:00+00:00,175660,13852.0,15634.0,4483.0,97.0,382.0,4651.0,4920.0,1784.0
Psn_QC_500m_2020305_aid0001,aid0001,2020-10-31 00:00:00+00:00,183196,13566.0,13943.0,4528.0,99.0,192.0,3587.0,1592.0,760.0
Psn_QC_500m_2020313_aid0001,aid0001,2020-11-08 00:00:00+00:00,192759,5331.0,12608.0,6470.0,36.0,187.0,2670.0,793.0,609.0
Psn_QC_500m_2020321_aid0001,aid0001,2020-11-16 00:00:00+00:00,210523,940.0,1721.0,6905.0,1.0,65.0,823.0,370.0,115.0
Psn_QC_500m_2020329_aid0001,aid0001,2020-11-24 00:00:00+00:00,194070,6744.0,11877.0,3590.0,44.0,138.0,2736.0,1582.0,682.0
Psn_QC_500m_2020337_aid0001,aid0001,2020-12-02 00:00:00+00:00,208286,2275.0,3543.0,5939.0,15.0,78.0,1197.0,65.0,65.0
Psn_QC_500m_2020345_aid0001,aid0001,2020-12-10 00:00:00+00:00,215450,32.0,45.0,5377.0,5.0,25.0,527.0,,2.0
Psn_QC_500m_2020353_aid0001,aid0001,2020-12-18 00:00:00+00:00,211003,3521.0,1547.0,4535.0,16.0,53.0,554.0,157.0,77.0
Psn_QC_500m_2020361_aid0001,aid0001,2020-12-26 00:00:00+00:00,207522,4371.0,4320.0,4663.0,18.0,49.0,438.0,75.0,7.0
Psn_QC_500m_2021001_aid0001,aid0001,2021-01-01 00:00:00+00:00,200639,6062.0,9832.0,4135.0,19.0,293.0,340.0,111.0,32.0
Psn_QC_500m_2021009_aid0001,aid0001,2021-01-09 00:00:00+00:00,207576,6192.0,2400.0,3986.0,8.0,10.0,452.0,763.0,76.0
Psn_QC_500m_2021017_aid0001,aid0001,2021-01-17 00:00:00+00:00,199002,8896.0,9981.0,3029.0,23.0,117.0,242.0,106.0,67.0
Psn_QC_500m_2021025_aid0001,aid0001,2021-01-25 00:00:00+00:00,215762,868.0,586.0,3796.0,,68.0,380.0,,3.0
Psn_QC_500m_2021033_aid0001,aid0001,2021-02-02 00:00:00+00:00,209631,7479.0,2218.0,1865.0,27.0,3.0,135.0,60.0,45.0
Psn_QC_500m_2021041_aid0001,aid0001,2021-02-10 00:00:00+00:00,215107,3909.0,263.0,1462.0,11.0,3.0,470.0,234.0,4.0
Psn_QC_500m_2021049_aid0001,aid0001,2021-02-18 00:00:00+00:00,174358,27045.0,16528.0,173.0,8.0,49.0,2355.0,833.0,114.0
Psn_QC_500m_2021057_aid0001,aid0001,2021-02-26 00:00:00+00:00,206459,9367.0,3069.0,1743.0,27.0,7.0,356.0,365.0,70.0
Psn_QC_500m_2021065_aid0001,aid0001,2021-03-06 00:00:00+00:00,214417,4975.0,743.0,1047.0,20.0,4.0,227.0,26.0,4.0
Psn_QC_500m_2021073_aid0001,aid0001,2021-03-14 00:00:00+00:00,195559,15617.0,8731.0,916.0,58.0,34.0,340.0,176.0,32.0
Psn_QC_500m_2021081_aid0001,aid0001,2021-03-22 00:00:00+00:00,216959,2451.0,208.0,1687.0,8.0,8.0,99.0,37.0,6.0
Psn_QC_500m_2021089_aid0001,aid0001,2021-03-30 00:00:00+00:00,174759,21609.0,20133.0,1317.0,37.0,14.0,1103.0,2271.0,220.0
Psn_QC_500m_2021097_aid0001,aid0001,2021-04-07 00:00:00+00:00,164439,30427.0,21701.0,2185.0,54.0,31.0,979.0,1486.0,161.0
Psn_QC_500m_2021105_aid0001,aid0001,2021-04-15 00:00:00+00:00,174993,23236.0,18349.0,1708.0,179.0,175.0,1711.0,905.0,207.0
Psn_QC_500m_2021113_aid0001,aid0001,2021-04-23 00:00:00+00:00,151994,32489.0,24373.0,2833.0,112.0,432.0,3803.0,4393.0,1034.0
Psn_QC_500m_2021121_aid0001,aid0001,2021-05-01 00:00:00+00:00,94146,70832.0,33703.0,3083.0,299.0,674.0,2606.0,14488.0,1632.0
Psn_QC_500m_2021129_aid0001,aid0001,2021-05-09 00:00:00+00:00,118269,39660.0,27788.0,3511.0,226.0,590.0,9795.0,17611.0,4013.0
Psn_QC_500m_2021137_aid0001,aid0001,2021-05-17 00:00:00+00:00,152015,21570.0,26498.0,7578.0,322.0,1048.0,4086.0,5517.0,2829.0
Psn_QC_500m_2021145_aid0001,aid0001,2021-05-25 00:00:00+00:00,181172,6210.0,10561.0,12935.0,122.0,400.0,7356.0,1047.0,1660.0
Psn_QC_500m_2021153_aid0001,aid0001,2021-06-02 00:00:00+00:00,166617,15345.0,12766.0,6694.0,157.0,469.0,6795.0,8941.0,3679.0
Psn_QC_500m_2021161_aid0001,aid0001,2021-06-10 00:00:00+00:00,141027,34564.0,14651.0,3044.0,426.0,227.0,6631.0,15375.0,5518.0
Psn_QC_500m_2021169_aid0001,aid0001,2021-06-18 00:00:00+00:00,137299,32826.0,27146.0,547.0,182.0,337.0,2761.0,15911.0,4454.0
Psn_QC_500m_2021177_aid0001,aid0001,2021-06-26 00:00:00+00:00,153816,23887.0,16204.0,1645.0,130.0,316.0,6984.0,12620.0,5861.0
Psn_QC_500m_2021185_aid0001,aid0001,2021-07-04 00:00:00+00:00,100039,46018.0,30953.0,334.0,91.0,132.0,4593.0,33838.0,5465.0
Psn_QC_500m_2021193_aid0001,aid0001,2021-07-12 00:00:00+00:00,11045,81832.0,12601.0,16.0,72.0,48.0,778.0,112057.0,3014.0
Psn_QC_500m_2021201_aid0001,aid0001,2021-07-20 00:00:00+00:00,40493,55769.0,10342.0,404.0,51.0,68.0,1623.0,111429.0,1284.0
Psn_QC_500m_2021209_aid0001,aid0001,2021-07-28 00:00:00+00:00,123890,35064.0,20110.0,189.0,38.0,83.0,4397.0,33690.0,4002.0
Psn_QC_500m_2021217_aid0001,aid0001,2021-08-05 00:00:00+00:00,125799,42242.0,24014.0,1706.0,75.0,165.0,4466.0,20560.0,2436.0
Psn_QC_500m_2021225_aid0001,aid0001,2021-08-13 00:00:00+00:00,144771,26721.0,29294.0,814.0,91.0,274.0,3286.0,13491.0,2721.0
Psn_QC_500m_2021233_aid0001,aid0001,2021-08-21 00:00:00+00:00,187705,13779.0,10305.0,2684.0,112.0,177.0,3219.0,2642.0,840.0
Psn_QC_500m_2021241_aid0001,aid0001,2021-08-29 00:00:00+00:00,101072,64313.0,30370.0,463.0,170.0,183.0,5246.0,16488.0,3158.0
Psn_QC_500m_2021249_aid0001,aid0001,2021-09-06 00:00:00+00:00,160288,21107.0,24711.0,968.0,108.0,156.0,5666.0,6702.0,1757.0
Psn_QC_500m_2021257_aid0001,aid0001,2021-09-14 00:00:00+00:00,139139,33676.0,23163.0,789.0,89.0,179.0,4942.0,16391.0,3095.0
Psn_QC_500m_2021265_aid0001,aid0001,2021-09-22 00:00:00+00:00,131604,29131.0,23327.0,507.0,99.0,119.0,11998.0,20754.0,3924.0
Psn_QC_500m_2021273_aid0001,aid0001,2021-09-30 00:00:00+00:00,151076,26732.0,20449.0,1438.0,167.0,238.0,6623.0,12805.0,1935.0
Psn_QC_500m_2021281_aid0001,aid0001,2021-10-08 00:00:00+00:00,139878,30607.0,28857.0,1224.0,153.0,227.0,4546.0,13359.0,2612.0
Psn_QC_500m_2021289_aid0001,aid0001,2021-10-16 00:00:00+00:00,196564,7366.0,8166.0,4551.0,60.0,142.0,3281.0,738.0,595.0
Psn_QC_500m_2021297_aid0001,aid0001,2021-10-24 00:00:00+00:00,204554,6752.0,3641.0,4553.0,48.0,115.0,1432.0,287.0,81.0
Psn_QC_500m_2021305_aid0001,aid0001,2021-11-01 00:00:00+00:00,200176,9916.0,3977.0,5271.0,67.0,64.0,1353.0,487.0,152.0
Psn_QC_500m_2021313_aid0001,aid0001,2021-11-09 00:00:00+00:00,191302,14376.0,9114.0,2515.0,98.0,172.0,1962.0,1437.0,487.0
Psn_QC_500m_2021321_aid0001,aid0001,2021-11-17 00:00:00+00:00,201794,9701.0,3763.0,4564.0,10.0,93.0,791.0,668.0,79.0
Psn_QC_500m_2021329_aid0001,aid0001,2021-11-25 00:00:00+00:00,206440,7706.0,1703.0,4544.0,5.0,86.0,717.0,242.0,20.0
Psn_QC_500m_2021337_aid0001,aid0001,2021-12-03 00:00:00+00:00,209240,4200.0,2239.0,4650.0,,56.0,961.0,8.0,109.0
Psn_QC_500m_2021345_aid0001,aid0001,2021-12-11 00:00:00+00:00,208019,7338.0,920.0,4367.0,10.0,9.0,762.0,14.0,24.0
Psn_QC_500m_2021353_aid0001,aid0001,2021-12-19 00:00:00+00:00,163772,35671.0,16863.0,3004.0,2.0,186.0,771.0,922.0,272.0
Psn_QC_500m_2021361_aid0001,aid0001,2021-12-27 00:00:00+00:00,207267,7240.0,2637.0,3362.0,1.0,105.0,629.0,95.0,127.0
Psn_QC_500m_2022001_aid0001,aid0001,2022-01-01 00:00:00+00:00,208879,7200.0,1824.0,2629.0,8.0,29.0,759.0,105.0,30.0
Psn_QC_500m_2022009_aid0001,aid0001,2022-01-09 00:00:00+00:00,203492,13139.0,1173.0,2868.0,8.0,13.0,577.0,118.0,75.0
Psn_QC_500m_2022017_aid0001,aid0001,2022-01-17 00:00:00+00:00,187558,19242.0,12047.0,1420.0,3.0,72.0,208.0,859.0,54.0
Psn_QC_500m_2022025_aid0001,aid0001,2022-01-25 00:00:00+00:00,217214,219.0,111.0,3063.0,,,853.0,,3.0
Psn_QC_500m_2022033_aid0001,aid0001,2022-02-02 00:00:00+00:00,201596,14307.0,3971.0,969.0,11.0,,48.0,536.0,25.0
Psn_QC_500m_2022041_aid0001,aid0001,2022-02-10 00:00:00+00:00,207759,10112.0,1584.0,1065.0,27.0,6.0,392.0,482.0,36.0
Psn_QC_500m_2022049_aid0001,aid0001,2022-02-18 00:00:00+00:00,190975,20110.0,8986.0,306.0,,3.0,213.0,835.0,35.0
Psn_QC_500m_2022057_aid0001,aid0001,2022-02-26 00:00:00+00:00,212086,4424.0,2320.0,1819.0,27.0,7.0,720.0,34.0,26.0
Psn_QC_500m_2022065_aid0001,aid0001,2022-03-06 00:00:00+00:00,218743,1238.0,103.0,706.0,2.0,1.0,648.0,5.0,17.0
Psn_QC_500m_2022073_aid0001,aid0001,2022-03-14 00:00:00+00:00,197367,14506.0,6576.0,290.0,28.0,11.0,1550.0,988.0,147.0
Psn_QC_500m_2022081_aid0001,aid0001,2022-03-22 00:00:00+00:00,149526,46019.0,22329.0,403.0,14.0,33.0,964.0,1984.0,191.0
Psn_QC_500m_2022089_aid0001,aid0001,2022-03-30 00:00:00+00:00,206971,7990.0,3540.0,1589.0,38.0,16.0,1059.0,157.0,103.0
Psn_QC_500m_2022097_aid0001,aid0001,2022-04-07 00:00:00+00:00,132791,69739.0,13938.0,555.0,118.0,112.0,1000.0,2858.0,352.0
Psn_QC_500m_2022105_aid0001,aid0001,2022-04-15 00:00:00+00:00,66018,75071.0,72852.0,519.0,143.0,172.0,1343.0,4301.0,1044.0
Psn_QC_500m_2022113_aid0001,aid0001,2022-04-23 00:00:00+00:00,126290,47476.0,36155.0,1927.0,144.0,223.0,1260.0,7123.0,865.0
Psn_QC_500m_2022121_aid0001,aid0001,2022-05-01 00:00:00+00:00,134645,34828.0,33452.0,2482.0,175.0,414.0,5614.0,7645.0,2208.0
Psn_QC_500m_2022129_aid0001,aid0001,2022-05-09 00:00:00+00:00,191504,10217.0,8917.0,4843.0,85.0,263.0,2849.0,1701.0,1084.0
Psn_QC_500m_2022137_aid0001,aid0001,2022-05-17 00:00:00+00:00,188881,14965.0,5405.0,2948.0,77.0,116.0,4417.0,3763.0,891.0
Psn_QC_500m_2022145_aid0001,aid0001,2022-05-25 00:00:00+00:00,134094,30232.0,27867.0,1428.0,188.0,205.0,6933.0,15731.0,4785.0
Psn_QC_500m_2022153_aid0001,aid0001,2022-06-02 00:00:00+00:00,117564,37120.0,15208.0,900.0,76.0,147.0,10098.0,34626.0,5724.0
Psn_QC_500m_2022161_aid0001,aid0001,2022-06-10 00:00:00+00:00,167751,21111.0,14287.0,2377.0,130.0,293.0,4442.0,8588.0,2484.0
Psn_QC_500m_2022169_aid0001,aid0001,2022-06-18 00:00:00+00:00,132775,39545.0,27056.0,1138.0,64.0,166.0,3572.0,14109.0,3038.0
Psn_QC_500m_2022177_aid0001,aid0001,2022-06-26 00:00:00+00:00,165227,24977.0,13369.0,688.0,42.0,108.0,5187.0,8327.0,3538.0
Psn_QC_500m_2022185_aid0001,aid0001,2022-07-04 00:00:00+00:00,116564,46113.0,20014.0,169.0,24.0,46.0,2412.0,32413.0,3708.0
Psn_QC_500m_2022193_aid0001,aid0001,2022-07-12 00:00:00+00:00,49941,80350.0,23863.0,15.0,15.0,4.0,281.0,66535.0,459.0
Psn_QC_500m_2022201_aid0001,aid0001,2022-07-20 00:00:00+00:00,158671,29963.0,11747.0,1026.0,79.0,187.0,4920.0,12047.0,2823.0
Psn_QC_500m_2022209_aid0001,aid0001,2022-07-28 00:00:00+00:00,91908,54816.0,16035.0,134.0,17.0,14.0,1110.0,56243.0,1186.0
Psn_QC_500m_2022217_aid0001,aid0001,2022-08-05 00:00:00+00:00,177728,19536.0,10650.0,845.0,94.0,91.0,3775.0,7605.0,1139.0
Psn_QC_500m_2022225_aid0001,aid0001,2022-08-13 00:00:00+00:00,120736,47769.0,24142.0,201.0,9.0,103.0,1724.0,23859.0,2920.0
Psn_QC_500m_2022233_aid0001,aid0001,2022-08-21 00:00:00+00:00,127420,57483.0,18285.0,480.0,66.0,47.0,5197.0,11120.0,1365.0
Psn_QC_500m_2022241_aid0001,aid0001,2022-08-29 00:00:00+00:00,109749,58178.0,19884.0,539.0,41.0,63.0,5356.0,25187.0,2466.0
Psn_QC_500m_2022249_aid0001,aid0001,2022-09-06 00:00:00+00:00,103328,55016.0,22551.0,216.0,72.0,72.0,3539.0,33009.0,3660.0
Psn_QC_500m_2022257_aid0001,aid0001,2022-09-14 00:00:00+00:00,165217,29575.0,14525.0,1396.0,130.0,155.0,4071.0,5073.0,1321.0
Psn_QC_500m_2022265_aid0001,aid0001,2022-09-22 00:00:00+00:00,143281,43576.0,15399.0,1042.0,83.0,104.0,3504.0,12990.0,1484.0
Psn_QC_500m_2022273_aid0001,aid0001,2022-09-30 00:00:00+00:00,155642,33263.0,13347.0,564.0,68.0,91.0,7049.0,10108.0,1331.0
Psn_QC_500m_2022281_aid0001,aid0001,2022-10-08 00:00:00+00:00,47961,65303.0,16991.0,99.0,26.0,40.0,20316.0,65263.0,5464.0
Psn_QC_500m_2022297_aid0001,aid0001,2022-10-24 00:00:00+00:00,160555,21628.0,24275.0,3262.0,63.0,177.0,7463.0,2908.0,1132.0
Psn_QC_500m_2022305_aid0001,aid0001,2022-11-01 00:00:00+00:00,187363,18646.0,6931.0,3976.0,42.0,171.0,2578.0,1219.0,537.0
Psn_QC_500m_2022313_aid0001,aid0001,2022-11-09 00:00:00+00:00,177281,18798.0,18092.0,2765.0,56.0,133.0,2458.0,1420.0,460.0
Psn_QC_500m_2022321_aid0001,aid0001,2022-11-17 00:00:00+00:00,201118,4787.0,8245.0,4063.0,14.0,76.0,2262.0,570.0,328.0
Psn_QC_500m_2022329_aid0001,aid0001,2022-11-25 00:00:00+00:00,198905,12482.0,4399.0,4708.0,34.0,120.0,403.0,274.0,138.0
Psn_QC_500m_2022337_aid0001,aid0001,2022-12-03 00:00:00+00:00,177110,18891.0,18801.0,3627.0,30.0,75.0,1688.0,1004.0,237.0
Psn_QC_500m_2022345_aid0001,aid0001,2022-12-11 00:00:00+00:00,187016,14316.0,12521.0,3547.0,15.0,48.0,2065.0,1386.0,549.0
Psn_QC_500m_2022353_aid0001,aid0001,2022-12-19 00:00:00+00:00,194038,9795.0,12283.0,3525.0,11.0,153.0,1185.0,363.0,110.0
Psn_QC_500m_2022361_aid0001,aid0001,2022-12-27 00:00:00+00:00,201925,10362.0,3877.0,4118.0,3.0,41.0,876.0,207.0,54.0
Psn_QC_500m_2023001_aid0001,aid0001,2023-01-01 00:00:00+00:00,210974,4518.0,704.0,4270.0,2.0,25.0,802.0,109.0,59.0
Psn_QC_500m_2023009_aid0001,aid0001,2023-01-09 00:00:00+00:00,208742,6294.0,1675.0,3013.0,11.0,39.0,1200.0,416.0,73.0
Psn_QC_500m_2023017_aid0001,aid0001,2023-01-17 00:00:00+00:00,218175,418.0,245.0,1577.0,,,982.0,39.0,27.0
Psn_QC_500m_2023025_aid0001,aid0001,2023-01-25 00:00:00+00:00,213414,5258.0,374.0,1399.0,2.0,5.0,972.0,1.0,38.0
Psn_QC_500m_2023033_aid0001,aid0001,2023-02-02 00:00:00+00:00,217156,1225.0,291.0,1727.0,1.0,8.0,977.0,61.0,17.0
Psn_QC_500m_2023041_aid0001,aid0001,2023-02-10 00:00:00+00:00,219004,387.0,46.0,980.0,1.0,,800.0,232.0,13.0
Psn_QC_500m_2023049_aid0001,aid0001,2023-02-18 00:00:00+00:00,218550,1208.0,501.0,312.0,5.0,,673.0,210.0,4.0
Psn_QC_500m_2023057_aid0001,aid0001,2023-02-26 00:00:00+00:00,176426,32134.0,11270.0,321.0,42.0,35.0,290.0,934.0,11.0
Psn_QC_500m_2023065_aid0001,aid0001,2023-03-06 00:00:00+00:00,189275,21551.0,6674.0,696.0,14.0,1.0,1411.0,1439.0,402.0
Psn_QC_500m_2023073_aid0001,aid0001,2023-03-14 00:00:00+00:00,160069,24222.0,32280.0,519.0,29.0,59.0,1319.0,2697.0,269.0
Psn_QC_500m_2023081_aid0001,aid0001,2023-03-22 00:00:00+00:00,125913,48773.0,42546.0,585.0,38.0,94.0,845.0,2473.0,196.0
Psn_QC_500m_2023089_aid0001,aid0001,2023-03-30 00:00:00+00:00,164371,23773.0,26517.0,1837.0,69.0,276.0,1609.0,2663.0,348.0
Psn_QC_500m_2023097_aid0001,aid0001,2023-04-07 00:00:00+00:00,184423,20437.0,10016.0,3207.0,44.0,180.0,2016.0,920.0,220.0
Psn_QC_500m_2023105_aid0001,aid0001,2023-04-15 00:00:00+00:00,101046,60915.0,49204.0,1785.0,356.0,557.0,1690.0,5097.0,813.0
Psn_QC_500m_2023113_aid0001,aid0001,2023-04-23 00:00:00+00:00,92644,41366.0,18405.0,1478.0,60.0,95.0,36173.0,24634.0,6608.0
Psn_QC_500m_2023121_aid0001,aid0001,2023-05-01 00:00:00+00:00,108043,42618.0,24265.0,3853.0,171.0,589.0,14787.0,23266.0,3871.0
Psn_QC_500m_2023129_aid0001,aid0001,2023-05-09 00:00:00+00:00,149265,15833.0,22019.0,10097.0,223.0,603.0,8459.0,10890.0,4074.0
Psn_QC_500m_2023137_aid0001,aid0001,2023-05-17 00:00:00+00:00,131568,19171.0,16921.0,9851.0,128.0,272.0,31429.0,5739.0,6384.0
Psn_QC_500m_2023145_aid0001,aid0001,2023-05-25 00:00:00+00:00,154315,20101.0,20998.0,6373.0,274.0,413.0,8463.0,7274.0,3252.0
Psn_QC_500m_2023153_aid0001,aid0001,2023-06-02 00:00:00+00:00,167623,12098.0,16944.0,7128.0,94.0,454.0,9272.0,4297.0,3553.0
Psn_QC_500m_2023161_aid0001,aid0001,2023-06-10 00:00:00+00:00,102575,48385.0,37075.0,1847.0,43.0,224.0,5825.0,19847.0,5642.0
Psn_QC_500m_2023169_aid0001,aid0001,2023-06-18 00:00:00+00:00,140727,25133.0,28474.0,1126.0,97.0,265.0,6603.0,13196.0,5842.0
Psn_QC_500m_2023177_aid0001,aid0001,2023-06-26 00:00:00+00:00,96547,36159.0,46511.0,1105.0,125.0,353.0,7698.0,23979.0,8986.0
Psn_QC_500m_2023185_aid0001,aid0001,2023-07-04 00:00:00+00:00,180079,10451.0,8533.0,3337.0,69.0,231.0,7421.0,7350.0,3992.0
Psn_QC_500m_2023193_aid0001,aid0001,2023-07-12 00:00:00+00:00,167489,14972.0,14653.0,1123.0,63.0,204.0,6489.0,12226.0,4244.0
Psn_QC_500m_2023201_aid0001,aid0001,2023-07-20 00:00:00+00:00,103892,48925.0,20395.0,144.0,65.0,61.0,4488.0,40014.0,3479.0
Psn_QC_500m_2023209_aid0001,aid0001,2023-07-28 00:00:00+00:00,105262,36528.0,34838.0,156.0,44.0,92.0,2403.0,37362.0,4778.0
Psn_QC_500m_2023217_aid0001,aid0001,2023-08-05 00:00:00+00:00,125445,35917.0,15364.0,494.0,102.0,163.0,6098.0,33696.0,4184.0
Psn_QC_500m_2023225_aid0001,aid0001,2023-08-13 00:00:00+00:00,198275,8751.0,6500.0,2860.0,82.0,118.0,3648.0,968.0,261.0
Psn_QC_500m_2023233_aid0001,aid0001,2023-08-21 00:00:00+00:00,196176,14267.0,4244.0,4132.0,51.0,54.0,2186.0,245.0,108.0
Psn_QC_500m_2023241_aid0001,aid0001,2023-08-29 00:00:00+00:00,169189,25391.0,8104.0,1368.0,81.0,112.0,6309.0,9956.0,953.0
Psn_QC_500m_2023249_aid0001,aid0001,2023-09-06 00:00:00+00:00,160459,27862.0,11969.0,287.0,52.0,25.0,6182.0,11233.0,3394.0
Psn_QC_500m_2023257_aid0001,aid0001,2023-09-14 00:00:00+00:00,155453,34407.0,15976.0,740.0,61.0,159.0,7178.0,6800.0,689.0
Psn_QC_500m_2023265_aid0001,aid0001,2023-09-22 00:00:00+00:00,157373,30049.0,18541.0,674.0,122.0,218.0,5042.0,8314.0,1130.0
Psn_QC_500m_2023273_aid0001,aid0001,2023-09-30 00:00:00+00:00,171871,21867.0,15364.0,2137.0,113.0,164.0,4301.0,4695.0,951.0
Psn_QC_500m_2023281_aid0001,aid0001,2023-10-08 00:00:00+00:00,172630,23931.0,14343.0,2780.0,129.0,180.0,2821.0,3655.0,994.0
Psn_QC_500m_2023289_aid0001,aid0001,2023-10-16 00:00:00+00:00,100714,58010.0,46613.0,404.0,160.0,364.0,2981.0,10156.0,2061.0
Psn_QC_500m_2023297_aid0001,aid0001,2023-10-24 00:00:00+00:00,170414,16033.0,18895.0,4330.0,201.0,229.0,4310.0,5358.0,1693.0
Psn_QC_500m_2023305_aid0001,aid0001,2023-11-01 00:00:00+00:00,148988,29270.0,16033.0,2539.0,63.0,88.0,10538.0,10758.0,3186.0
Psn_QC_500m_2023313_aid0001,aid0001,2023-11-09 00:00:00+00:00,178551,8180.0,18775.0,9020.0,103.0,502.0,4482.0,939.0,911.0
Psn_QC_500m_2023321_aid0001,aid0001,2023-11-17 00:00:00+00:00,173257,12813.0,20366.0,7996.0,42.0,339.0,3215.0,1739.0,1696.0
Psn_QC_500m_2023329_aid0001,aid0001,2023-11-25 00:00:00+00:00,202587,1108.0,5923.0,9655.0,8.0,124.0,1132.0,281.0,645.0
Psn_QC_500m_2023337_aid0001,aid0001,2023-12-03 00:00:00+00:00,201972,1623.0,6763.0,8048.0,40.0,148.0,1338.0,1141.0,390.0
Psn_QC_500m_2023345_aid0001,aid0001,2023-12-11 00:00:00+00:00,206141,1962.0,2504.0,7532.0,43.0,88.0,2150.0,749.0,294.0
Psn_QC_500m_2023353_aid0001,aid0001,2023-12-19 00:00:00+00:00,210031,1104.0,3518.0,5076.0,4.0,13.0,1518.0,76.0,123.0
Psn_QC_500m_2023361_aid0001,aid0001,2023-12-27 00:00:00+00:00,174461,10567.0,28703.0,2986.0,17.0,78.0,2552.0,947.0,1152.0
Psn_QC_500m_2024001_aid0001,aid0001,2024-01-01 00:00:00+00:00,198864,4713.0,11182.0,3578.0,31.0,68.0,1600.0,679.0,748.0
Psn_QC_500m_2015361_aid0002,aid0002,2015-12-27 00:00:00+00:00,68601,2745.0,77.0,9.0,,,11.0,,
Psn_QC_500m_2016001_aid0002,aid0002,2016-01-01 00:00:00+00:00,65629,5479.0,206.0,11.0,,,32.0,85.0,1.0
Psn_QC_500m_2016009_aid0002,aid0002,2016-01-09 00:00:00+00:00,67631,2995.0,750.0,7.0,,,35.0,23.0,2.0
Psn_QC_500m_2016017_aid0002,aid0002,2016-01-17 00:00:00+00:00,65574,5050.0,746.0,29.0,1.0,,12.0,31.0,
Psn_QC_500m_2016025_aid0002,aid0002,2016-01-25 00:00:00+00:00,67334,3450.0,641.0,1.0,2.0,,7.0,8.0,
Psn_QC_500m_2016033_aid0002,aid0002,2016-02-02 00:00:00+00:00,70899,508.0,24.0,7.0,,,5.0,,
Psn_QC_500m_2016041_aid0002,aid0002,2016-02-10 00:00:00+00:00,68582,2796.0,52.0,4.0,,,6.0,3.0,
Psn_QC_500m_2016057_aid0002,aid0002,2016-02-26 00:00:00+00:00,70721,717.0,1.0,3.0,,,1.0,,
Psn_QC_500m_2016065_aid0002,aid0002,2016-03-05 00:00:00+00:00,69182,1592.0,668.0,1.0,,,,,
Psn_QC_500m_2016073_aid0002,aid0002,2016-03-13 00:00:00+00:00,69930,1458.0,46.0,7.0,2.0,,,,
Psn_QC_500m_2016081_aid0002,aid0002,2016-03-21 00:00:00+00:00,68212,2777.0,439.0,4.0,1.0,,7.0,3.0,
Psn_QC_500m_2016089_aid0002,aid0002,2016-03-29 00:00:00+00:00,62504,7160.0,425.0,2.0,2.0,,1004.0,338.0,8.0
Psn_QC_500m_2016097_aid0002,aid0002,2016-04-06 00:00:00+00:00,63555,6450.0,1060.0,31.0,,5.0,48.0,267.0,27.0
Psn_QC_500m_2016105_aid0002,aid0002,2016-04-14 00:00:00+00:00,54169,11941.0,4323.0,53.0,12.0,4.0,208.0,683.0,50.0
Psn_QC_500m_2016113_aid0002,aid0002,2016-04-22 00:00:00+00:00,46980,14346.0,6406.0,14.0,,,754.0,2749.0,194.0
Psn_QC_500m_2016121_aid0002,aid0002,2016-04-30 00:00:00+00:00,36062,21866.0,7042.0,39.0,8.0,20.0,734.0,5437.0,235.0
Psn_QC_500m_2016129_aid0002,aid0002,2016-05-08 00:00:00+00:00,58961,7351.0,1094.0,494.0,46.0,1.0,1322.0,2133.0,41.0
Psn_QC_500m_2016137_aid0002,aid0002,2016-05-16 00:00:00+00:00,67457,1764.0,803.0,299.0,25.0,11.0,907.0,143.0,34.0
Psn_QC_500m_2016145_aid0002,aid0002,2016-05-24 00:00:00+00:00,57455,6208.0,2281.0,259.0,23.0,34.0,1289.0,3240.0,654.0
Psn_QC_500m_2016153_aid0002,aid0002,2016-06-01 00:00:00+00:00,59559,7108.0,2436.0,212.0,20.0,10.0,736.0,1279.0,83.0
Psn_QC_500m_2016161_aid0002,aid0002,2016-06-09 00:00:00+00:00,57826,7684.0,2078.0,309.0,19.0,7.0,1685.0,1652.0,183.0
Psn_QC_500m_2016169_aid0002,aid0002,2016-06-17 00:00:00+00:00,23082,19442.0,14538.0,9.0,11.0,11.0,993.0,10231.0,3126.0
Psn_QC_500m_2016177_aid0002,aid0002,2016-06-25 00:00:00+00:00,19208,20931.0,6258.0,12.0,7.0,12.0,566.0,23443.0,1006.0
Psn_QC_500m_2016185_aid0002,aid0002,2016-07-03 00:00:00+00:00,16637,14483.0,7496.0,14.0,19.0,12.0,584.0,30697.0,1501.0
Psn_QC_500m_2016193_aid0002,aid0002,2016-07-11 00:00:00+00:00,36787,15494.0,6165.0,350.0,12.0,82.0,977.0,10689.0,887.0
Psn_QC_500m_2016201_aid0002,aid0002,2016-07-19 00:00:00+00:00,33732,10220.0,3704.0,136.0,39.0,92.0,6039.0,15380.0,2101.0
Psn_QC_500m_2016209_aid0002,aid0002,2016-07-27 00:00:00+00:00,32249,20364.0,6910.0,714.0,23.0,72.0,1411.0,9026.0,674.0
Psn_QC_500m_2016217_aid0002,aid0002,2016-08-04 00:00:00+00:00,29622,14614.0,5765.0,91.0,24.0,16.0,3177.0,16888.0,1246.0
Psn_QC_500m_2016225_aid0002,aid0002,2016-08-12 00:00:00+00:00,55425,4360.0,5946.0,210.0,58.0,176.0,1622.0,2542.0,1104.0
Psn_QC_500m_2016233_aid0002,aid0002,2016-08-20 00:00:00+00:00,59138,2810.0,1941.0,775.0,32.0,100.0,4569.0,1923.0,155.0
Psn_QC_500m_2016241_aid0002,aid0002,2016-08-28 00:00:00+00:00,36049,13519.0,7345.0,477.0,73.0,50.0,1598.0,11434.0,898.0
Psn_QC_500m_2016249_aid0002,aid0002,2016-09-05 00:00:00+00:00,57594,2668.0,2483.0,370.0,22.0,43.0,7032.0,942.0,289.0
Psn_QC_500m_2016257_aid0002,aid0002,2016-09-13 00:00:00+00:00,56826,3427.0,4019.0,621.0,34.0,31.0,3979.0,1851.0,655.0
Psn_QC_500m_2016265_aid0002,aid0002,2016-09-21 00:00:00+00:00,49211,6274.0,5303.0,468.0,47.0,28.0,5008.0,4345.0,759.0
Psn_QC_500m_2016273_aid0002,aid0002,2016-09-29 00:00:00+00:00,62136,3121.0,2315.0,1129.0,39.0,39.0,2460.0,65.0,139.0
Psn_QC_500m_2016281_aid0002,aid0002,2016-10-07 00:00:00+00:00,68769,1061.0,390.0,322.0,37.0,3.0,811.0,37.0,13.0
Psn_QC_500m_2016289_aid0002,aid0002,2016-10-15 00:00:00+00:00,69019,1138.0,713.0,253.0,4.0,2.0,293.0,5.0,16.0
Psn_QC_500m_2016297_aid0002,aid0002,2016-10-23 00:00:00+00:00,70509,419.0,270.0,227.0,17.0,,1.0,,
Psn_QC_500m_2016305_aid0002,aid0002,2016-10-31 00:00:00+00:00,71336,33.0,32.0,39.0,,3.0,,,
Psn_QC_500m_2016313_aid0002,aid0002,2016-11-08 00:00:00+00:00,69837,1080.0,490.0,30.0,,,6.0,,
Psn_QC_500m_2016321_aid0002,aid0002,2016-11-16 00:00:00+00:00,70089,806.0,487.0,36.0,4.0,,20.0,1.0,
Psn_QC_500m_2016329_aid0002,aid0002,2016-11-24 00:00:00+00:00,69679,1374.0,248.0,58.0,10.0,2.0,51.0,16.0,5.0
Psn_QC_500m_2016337_aid0002,aid0002,2016-12-02 00:00:00+00:00,70844,502.0,71.0,22.0,,,4.0,,
Psn_QC_500m_2016345_aid0002,aid0002,2016-12-10 00:00:00+00:00,71284,128.0,2.0,15.0,,,14.0,,
Psn_QC_500m_2016353_aid0002,aid0002,2016-12-18 00:00:00+00:00,70584,704.0,133.0,9.0,,,13.0,,
Psn_QC_500m_2016361_aid0002,aid0002,2016-12-26 00:00:00+00:00,71372,32.0,11.0,14.0,,,13.0,,1.0
Psn_QC_500m_2017001_aid0002,aid0002,2017-01-01 00:00:00+00:00,71381,19.0,,8.0,,,35.0,,
Psn_QC_500m_2017009_aid0002,aid0002,2017-01-09 00:00:00+00:00,71430,,,8.0,,,5.0,,
Psn_QC_500m_2017017_aid0002,aid0002,2017-01-17 00:00:00+00:00,71382,52.0,,1.0,,,8.0,,
Psn_QC_500m_2017025_aid0002,aid0002,2017-01-25 00:00:00+00:00,70267,1143.0,29.0,2.0,,,2.0,,
Psn_QC_500m_2017033_aid0002,aid0002,2017-02-02 00:00:00+00:00,67600,3737.0,66.0,4.0,1.0,,16.0,15.0,4.0
Psn_QC_500m_2017041_aid0002,aid0002,2017-02-10 00:00:00+00:00,67230,3810.0,399.0,2.0,,,2.0,,
Psn_QC_500m_2017049_aid0002,aid0002,2017-02-18 00:00:00+00:00,67780,3269.0,295.0,6.0,,,38.0,54.0,1.0
Psn_QC_500m_2017057_aid0002,aid0002,2017-02-26 00:00:00+00:00,67536,3416.0,347.0,2.0,8.0,1.0,54.0,79.0,
Psn_QC_500m_2017065_aid0002,aid0002,2017-03-06 00:00:00+00:00,71071,355.0,,13.0,,,4.0,,
Psn_QC_500m_2017073_aid0002,aid0002,2017-03-14 00:00:00+00:00,69863,1386.0,189.0,1.0,3.0,,1.0,,
Psn_QC_500m_2017081_aid0002,aid0002,2017-03-22 00:00:00+00:00,61200,8148.0,1006.0,14.0,10.0,,112.0,926.0,27.0
Psn_QC_500m_2017089_aid0002,aid0002,2017-03-30 00:00:00+00:00,68827,2507.0,52.0,14.0,6.0,,26.0,9.0,2.0
Psn_QC_500m_2017097_aid0002,aid0002,2017-04-07 00:00:00+00:00,70325,1078.0,19.0,13.0,4.0,,4.0,,
Psn_QC_500m_2017105_aid0002,aid0002,2017-04-15 00:00:00+00:00,66644,4714.0,19.0,12.0,,,35.0,19.0,
Psn_QC_500m_2017113_aid0002,aid0002,2017-04-23 00:00:00+00:00,31897,30348.0,1580.0,,,,353.0,7164.0,101.0
Psn_QC_500m_2017121_aid0002,aid0002,2017-05-01 00:00:00+00:00,52270,16739.0,1583.0,13.0,,,176.0,634.0,28.0
Psn_QC_500m_2017129_aid0002,aid0002,2017-05-09 00:00:00+00:00,59322,9797.0,1964.0,40.0,14.0,,156.0,141.0,9.0
Psn_QC_500m_2017137_aid0002,aid0002,2017-05-17 00:00:00+00:00,57592,9051.0,2126.0,82.0,13.0,,654.0,1820.0,105.0
Psn_QC_500m_2017145_aid0002,aid0002,2017-05-25 00:00:00+00:00,57242,8115.0,1615.0,87.0,8.0,4.0,1443.0,2723.0,206.0
Psn_QC_500m_2017153_aid0002,aid0002,2017-06-02 00:00:00+00:00,63042,5620.0,1329.0,241.0,10.0,27.0,775.0,280.0,119.0
Psn_QC_500m_2017161_aid0002,aid0002,2017-06-10 00:00:00+00:00,54392,8743.0,3361.0,209.0,27.0,23.0,1960.0,2379.0,349.0
Psn_QC_500m_2017169_aid0002,aid0002,2017-06-18 00:00:00+00:00,57936,7795.0,2957.0,151.0,23.0,14.0,1156.0,1154.0,257.0
Psn_QC_500m_2017177_aid0002,aid0002,2017-06-26 00:00:00+00:00,29574,15957.0,10827.0,45.0,16.0,34.0,2929.0,10209.0,1852.0
Psn_QC_500m_2017185_aid0002,aid0002,2017-07-04 00:00:00+00:00,31987,13506.0,9140.0,87.0,12.0,22.0,5430.0,7274.0,3985.0
Psn_QC_500m_2017193_aid0002,aid0002,2017-07-12 00:00:00+00:00,42095,12215.0,6169.0,57.0,49.0,18.0,1294.0,8342.0,1204.0
Psn_QC_500m_2017201_aid0002,aid0002,2017-07-20 00:00:00+00:00,5891,17480.0,3128.0,70.0,21.0,31.0,1819.0,41185.0,1818.0
Psn_QC_500m_2017209_aid0002,aid0002,2017-07-28 00:00:00+00:00,33665,13274.0,4092.0,367.0,39.0,43.0,6240.0,11940.0,1783.0
Psn_QC_500m_2017217_aid0002,aid0002,2017-08-05 00:00:00+00:00,20707,12508.0,2484.0,539.0,129.0,17.0,3344.0,30931.0,784.0
Psn_QC_500m_2017225_aid0002,aid0002,2017-08-13 00:00:00+00:00,40927,10835.0,7099.0,417.0,35.0,56.0,2467.0,8266.0,1341.0
Psn_QC_500m_2017233_aid0002,aid0002,2017-08-21 00:00:00+00:00,30993,15415.0,3903.0,1541.0,36.0,32.0,2890.0,15835.0,798.0
Psn_QC_500m_2017241_aid0002,aid0002,2017-08-29 00:00:00+00:00,16720,15489.0,12211.0,325.0,29.0,53.0,1845.0,21597.0,3174.0
Psn_QC_500m_2017249_aid0002,aid0002,2017-09-06 00:00:00+00:00,50649,5963.0,5527.0,2010.0,20.0,108.0,3759.0,2484.0,923.0
Psn_QC_500m_2017257_aid0002,aid0002,2017-09-14 00:00:00+00:00,40816,9400.0,4749.0,426.0,39.0,32.0,6215.0,9008.0,758.0
Psn_QC_500m_2017265_aid0002,aid0002,2017-09-22 00:00:00+00:00,48850,7121.0,6265.0,558.0,14.0,89.0,5799.0,1972.0,775.0
Psn_QC_500m_2017273_aid0002,aid0002,2017-09-30 00:00:00+00:00,67444,1238.0,754.0,301.0,1.0,5.0,1655.0,22.0,23.0
Psn_QC_500m_2017281_aid0002,aid0002,2017-10-08 00:00:00+00:00,67631,1220.0,728.0,1516.0,8.0,4.0,326.0,7.0,3.0
Psn_QC_500m_2017289_aid0002,aid0002,2017-10-16 00:00:00+00:00,61537,4605.0,2709.0,430.0,27.0,47.0,1220.0,624.0,244.0
Psn_QC_500m_2017297_aid0002,aid0002,2017-10-24 00:00:00+00:00,69083,1355.0,623.0,200.0,30.0,17.0,124.0,9.0,2.0
Psn_QC_500m_2017305_aid0002,aid0002,2017-11-01 00:00:00+00:00,63355,4538.0,2873.0,121.0,15.0,6.0,413.0,101.0,21.0
Psn_QC_500m_2017313_aid0002,aid0002,2017-11-09 00:00:00+00:00,71119,224.0,32.0,66.0,1.0,,,,1.0
Psn_QC_500m_2017321_aid0002,aid0002,2017-11-17 00:00:00+00:00,71079,261.0,59.0,32.0,,,12.0,,
Psn_QC_500m_2017329_aid0002,aid0002,2017-11-25 00:00:00+00:00,70145,1160.0,111.0,20.0,4.0,,3.0,,
Psn_QC_500m_2017337_aid0002,aid0002,2017-12-03 00:00:00+00:00,71089,321.0,10.0,7.0,,,16.0,,
Psn_QC_500m_2017345_aid0002,aid0002,2017-12-11 00:00:00+00:00,71283,133.0,21.0,6.0,,,,,
Psn_QC_500m_2017353_aid0002,aid0002,2017-12-19 00:00:00+00:00,71353,52.0,1.0,2.0,,,35.0,,
Psn_QC_500m_2017361_aid0002,aid0002,2017-12-27 00:00:00+00:00,71352,86.0,,1.0,,,4.0,,
Psn_QC_500m_2018001_aid0002,aid0002,2018-01-01 00:00:00+00:00,68707,2675.0,50.0,,,,11.0,,
Psn_QC_500m_2018009_aid0002,aid0002,2018-01-09 00:00:00+00:00,68837,2363.0,238.0,3.0,2.0,,,,
Psn_QC_500m_2018017_aid0002,aid0002,2018-01-17 00:00:00+00:00,70382,1051.0,,5.0,2.0,,3.0,,
Psn_QC_500m_2018025_aid0002,aid0002,2018-01-25 00:00:00+00:00,70796,628.0,18.0,1.0,,,,,
Psn_QC_500m_2018033_aid0002,aid0002,2018-02-02 00:00:00+00:00,70291,1063.0,78.0,6.0,,,5.0,,
Psn_QC_500m_2018041_aid0002,aid0002,2018-02-10 00:00:00+00:00,67873,3452.0,114.0,2.0,,,2.0,,
Psn_QC_500m_2018049_aid0002,aid0002,2018-02-18 00:00:00+00:00,64459,6280.0,696.0,1.0,,,6.0,1.0,
Psn_QC_500m_2018057_aid0002,aid0002,2018-02-26 00:00:00+00:00,62927,5959.0,2283.0,,3.0,,60.0,206.0,5.0
Psn_QC_500m_2018065_aid0002,aid0002,2018-03-06 00:00:00+00:00,69579,1422.0,425.0,10.0,,,7.0,,
Psn_QC_500m_2018073_aid0002,aid0002,2018-03-14 00:00:00+00:00,60161,9347.0,1353.0,1.0,2.0,,229.0,311.0,39.0
Psn_QC_500m_2018081_aid0002,aid0002,2018-03-22 00:00:00+00:00,69909,1353.0,162.0,14.0,3.0,,2.0,,
Psn_QC_500m_2018089_aid0002,aid0002,2018-03-30 00:00:00+00:00,54956,13326.0,1557.0,15.0,1.0,1.0,477.0,1088.0,22.0
Psn_QC_500m_2018097_aid0002,aid0002,2018-04-07 00:00:00+00:00,42256,20516.0,4637.0,1.0,,,527.0,3433.0,73.0
Psn_QC_500m_2018105_aid0002,aid0002,2018-04-15 00:00:00+00:00,64721,4531.0,1343.0,60.0,,,549.0,227.0,12.0
Psn_QC_500m_2018113_aid0002,aid0002,2018-04-23 00:00:00+00:00,57095,9457.0,3368.0,38.0,5.0,4.0,430.0,939.0,107.0
Psn_QC_500m_2018121_aid0002,aid0002,2018-05-01 00:00:00+00:00,62255,5570.0,2896.0,110.0,27.0,16.0,182.0,345.0,42.0
Psn_QC_500m_2018129_aid0002,aid0002,2018-05-09 00:00:00+00:00,70507,694.0,149.0,86.0,6.0,,1.0,,
Psn_QC_500m_2018137_aid0002,aid0002,2018-05-17 00:00:00+00:00,51546,14248.0,2540.0,115.0,13.0,,1021.0,1780.0,180.0
Psn_QC_500m_2018145_aid0002,aid0002,2018-05-25 00:00:00+00:00,46817,11283.0,5491.0,76.0,31.0,27.0,1538.0,5482.0,698.0
Psn_QC_500m_2018153_aid0002,aid0002,2018-06-02 00:00:00+00:00,30113,13753.0,7770.0,16.0,12.0,12.0,1576.0,16713.0,1478.0
Psn_QC_500m_2018161_aid0002,aid0002,2018-06-10 00:00:00+00:00,49654,10464.0,5315.0,18.0,4.0,,966.0,4277.0,745.0
Psn_QC_500m_2018169_aid0002,aid0002,2018-06-18 00:00:00+00:00,44910,10690.0,9601.0,29.0,12.0,7.0,1167.0,4215.0,812.0
Psn_QC_500m_2018177_aid0002,aid0002,2018-06-26 00:00:00+00:00,30228,17016.0,16214.0,36.0,3.0,54.0,561.0,6074.0,1257.0
Psn_QC_500m_2018185_aid0002,aid0002,2018-07-04 00:00:00+00:00,23303,8692.0,4062.0,22.0,13.0,33.0,4616.0,28228.0,2474.0
Psn_QC_500m_2018193_aid0002,aid0002,2018-07-12 00:00:00+00:00,40164,9305.0,8788.0,43.0,11.0,20.0,1070.0,10469.0,1573.0
Psn_QC_500m_2018201_aid0002,aid0002,2018-07-20 00:00:00+00:00,15450,15641.0,4347.0,69.0,82.0,91.0,4093.0,29895.0,1775.0
Psn_QC_500m_2018209_aid0002,aid0002,2018-07-28 00:00:00+00:00,50202,8960.0,4527.0,1320.0,29.0,82.0,1917.0,3512.0,894.0
Psn_QC_500m_2018217_aid0002,aid0002,2018-08-05 00:00:00+00:00,49306,6111.0,6908.0,565.0,55.0,104.0,3377.0,3995.0,1022.0
Psn_QC_500m_2018225_aid0002,aid0002,2018-08-13 00:00:00+00:00,25876,15503.0,9647.0,94.0,32.0,13.0,932.0,17351.0,1995.0
Psn_QC_500m_2018233_aid0002,aid0002,2018-08-21 00:00:00+00:00,42959,11030.0,7231.0,940.0,34.0,30.0,2296.0,6075.0,848.0
Psn_QC_500m_2018241_aid0002,aid0002,2018-08-29 00:00:00+00:00,38349,8254.0,9391.0,283.0,25.0,42.0,4526.0,8112.0,2461.0
Psn_QC_500m_2018249_aid0002,aid0002,2018-09-06 00:00:00+00:00,58147,2506.0,2852.0,3588.0,40.0,74.0,2736.0,1162.0,338.0
Psn_QC_500m_2018257_aid0002,aid0002,2018-09-14 00:00:00+00:00,54128,6213.0,4818.0,1162.0,46.0,83.0,2126.0,2163.0,704.0
Psn_QC_500m_2018265_aid0002,aid0002,2018-09-22 00:00:00+00:00,65946,1490.0,1206.0,1544.0,25.0,2.0,1088.0,80.0,62.0
Psn_QC_500m_2018273_aid0002,aid0002,2018-09-30 00:00:00+00:00,68484,1543.0,523.0,542.0,21.0,10.0,302.0,5.0,13.0
Psn_QC_500m_2018281_aid0002,aid0002,2018-10-08 00:00:00+00:00,68173,2133.0,670.0,147.0,19.0,25.0,204.0,56.0,16.0
Psn_QC_500m_2018289_aid0002,aid0002,2018-10-16 00:00:00+00:00,63773,3781.0,2386.0,309.0,11.0,19.0,886.0,187.0,91.0
Psn_QC_500m_2018297_aid0002,aid0002,2018-10-24 00:00:00+00:00,63962,5208.0,2111.0,68.0,16.0,12.0,39.0,20.0,7.0
Psn_QC_500m_2018305_aid0002,aid0002,2018-11-01 00:00:00+00:00,67629,2740.0,598.0,51.0,2.0,,361.0,62.0,
Psn_QC_500m_2018313_aid0002,aid0002,2018-11-09 00:00:00+00:00,67256,2072.0,1327.0,54.0,6.0,10.0,398.0,263.0,57.0
Psn_QC_500m_2018321_aid0002,aid0002,2018-11-17 00:00:00+00:00,70601,439.0,358.0,44.0,,,,1.0,
Psn_QC_500m_2018329_aid0002,aid0002,2018-11-25 00:00:00+00:00,70415,459.0,527.0,33.0,1.0,,5.0,1.0,2.0
Psn_QC_500m_2018337_aid0002,aid0002,2018-12-03 00:00:00+00:00,68396,2205.0,798.0,19.0,2.0,2.0,15.0,6.0,
Psn_QC_500m_2018345_aid0002,aid0002,2018-12-11 00:00:00+00:00,70480,623.0,315.0,20.0,1.0,,1.0,,3.0
Psn_QC_500m_2018353_aid0002,aid0002,2018-12-19 00:00:00+00:00,71328,88.0,6.0,21.0,,,,,
Psn_QC_500m_2018361_aid0002,aid0002,2018-12-27 00:00:00+00:00,70445,925.0,56.0,15.0,1.0,,1.0,,
Psn_QC_500m_2019001_aid0002,aid0002,2019-01-01 00:00:00+00:00,71062,332.0,35.0,13.0,,,1.0,,
Psn_QC_500m_2019009_aid0002,aid0002,2019-01-09 00:00:00+00:00,71372,30.0,23.0,10.0,,,6.0,,2.0
Psn_QC_500m_2019017_aid0002,aid0002,2019-01-17 00:00:00+00:00,71337,100.0,,6.0,,,,,
Psn_QC_500m_2019025_aid0002,aid0002,2019-01-25 00:00:00+00:00,71358,76.0,6.0,1.0,,,2.0,,
Psn_QC_500m_2019033_aid0002,aid0002,2019-02-02 00:00:00+00:00,70698,652.0,81.0,11.0,,,1.0,,
Psn_QC_500m_2019041_aid0002,aid0002,2019-02-10 00:00:00+00:00,66683,4672.0,77.0,4.0,1.0,,5.0,1.0,
Psn_QC_500m_2019049_aid0002,aid0002,2019-02-18 00:00:00+00:00,64950,5926.0,458.0,4.0,7.0,,47.0,49.0,2.0
Psn_QC_500m_2019057_aid0002,aid0002,2019-02-26 00:00:00+00:00,69349,2063.0,29.0,2.0,,,,,
Psn_QC_500m_2019065_aid0002,aid0002,2019-03-06 00:00:00+00:00,68344,2572.0,482.0,11.0,5.0,1.0,13.0,15.0,
Psn_QC_500m_2019073_aid0002,aid0002,2019-03-14 00:00:00+00:00,69906,1503.0,23.0,9.0,,,2.0,,
Psn_QC_500m_2019081_aid0002,aid0002,2019-03-22 00:00:00+00:00,67454,3708.0,255.0,6.0,3.0,,17.0,,
Psn_QC_500m_2019089_aid0002,aid0002,2019-03-30 00:00:00+00:00,66160,4926.0,212.0,9.0,6.0,,77.0,52.0,1.0
Psn_QC_500m_2019097_aid0002,aid0002,2019-04-07 00:00:00+00:00,62596,7421.0,1129.0,9.0,9.0,,174.0,105.0,
Psn_QC_500m_2019105_aid0002,aid0002,2019-04-15 00:00:00+00:00,62929,6201.0,1230.0,22.0,1.0,2.0,224.0,781.0,53.0
Psn_QC_500m_2019113_aid0002,aid0002,2019-04-23 00:00:00+00:00,65843,3393.0,1807.0,66.0,8.0,,281.0,44.0,1.0
Psn_QC_500m_2019121_aid0002,aid0002,2019-05-01 00:00:00+00:00,70287,999.0,101.0,45.0,3.0,,8.0,,
Psn_QC_500m_2019129_aid0002,aid0002,2019-05-09 00:00:00+00:00,65619,5283.0,415.0,53.0,22.0,1.0,41.0,8.0,1.0
Psn_QC_500m_2019137_aid0002,aid0002,2019-05-17 00:00:00+00:00,50764,12768.0,4055.0,63.0,13.0,7.0,358.0,3170.0,245.0
Psn_QC_500m_2019145_aid0002,aid0002,2019-05-25 00:00:00+00:00,64307,4178.0,1547.0,249.0,46.0,7.0,762.0,249.0,98.0
Psn_QC_500m_2019153_aid0002,aid0002,2019-06-02 00:00:00+00:00,52387,9295.0,4266.0,231.0,19.0,23.0,2202.0,2632.0,388.0
Psn_QC_500m_2019161_aid0002,aid0002,2019-06-10 00:00:00+00:00,34035,16354.0,9592.0,109.0,14.0,11.0,1425.0,8478.0,1425.0
Psn_QC_500m_2019169_aid0002,aid0002,2019-06-18 00:00:00+00:00,49139,10391.0,5994.0,210.0,23.0,50.0,2295.0,2653.0,688.0
Psn_QC_500m_2019177_aid0002,aid0002,2019-06-26 00:00:00+00:00,46457,11304.0,3176.0,677.0,19.0,29.0,4360.0,4994.0,427.0
Psn_QC_500m_2019185_aid0002,aid0002,2019-07-04 00:00:00+00:00,49433,7672.0,5701.0,139.0,35.0,39.0,1559.0,5601.0,1264.0
Psn_QC_500m_2019193_aid0002,aid0002,2019-07-12 00:00:00+00:00,42285,8303.0,4852.0,218.0,24.0,69.0,4324.0,10514.0,854.0
Psn_QC_500m_2019201_aid0002,aid0002,2019-07-20 00:00:00+00:00,15281,22388.0,7229.0,2.0,13.0,13.0,3341.0,20024.0,3152.0
Psn_QC_500m_2019209_aid0002,aid0002,2019-07-28 00:00:00+00:00,40417,5700.0,4524.0,940.0,16.0,44.0,3883.0,14095.0,1824.0
Psn_QC_500m_2019217_aid0002,aid0002,2019-08-05 00:00:00+00:00,26139,15402.0,7714.0,371.0,23.0,62.0,3783.0,16145.0,1804.0
Psn_QC_500m_2019225_aid0002,aid0002,2019-08-13 00:00:00+00:00,11975,16105.0,2906.0,225.0,44.0,7.0,4861.0,33397.0,1923.0
Psn_QC_500m_2019233_aid0002,aid0002,2019-08-21 00:00:00+00:00,46790,7002.0,5667.0,507.0,57.0,78.0,3429.0,7030.0,883.0
Psn_QC_500m_2019241_aid0002,aid0002,2019-08-29 00:00:00+00:00,44119,8252.0,4388.0,1651.0,29.0,20.0,4083.0,8200.0,701.0
Psn_QC_500m_2019249_aid0002,aid0002,2019-09-06 00:00:00+00:00,40757,6133.0,4303.0,85.0,29.0,12.0,4419.0,12551.0,3154.0
Psn_QC_500m_2019257_aid0002,aid0002,2019-09-14 00:00:00+00:00,31777,8427.0,5848.0,747.0,27.0,38.0,7962.0,14603.0,2014.0
Psn_QC_500m_2019265_aid0002,aid0002,2019-09-22 00:00:00+00:00,34085,14278.0,5395.0,428.0,26.0,69.0,5835.0,10067.0,1260.0
Psn_QC_500m_2019273_aid0002,aid0002,2019-09-30 00:00:00+00:00,43998,8308.0,4416.0,609.0,29.0,40.0,8482.0,4527.0,1034.0
Psn_QC_500m_2019281_aid0002,aid0002,2019-10-08 00:00:00+00:00,51657,10649.0,5588.0,785.0,12.0,36.0,1505.0,961.0,250.0
Psn_QC_500m_2019289_aid0002,aid0002,2019-10-16 00:00:00+00:00,68050,1401.0,1022.0,264.0,38.0,16.0,567.0,66.0,19.0
Psn_QC_500m_2019297_aid0002,aid0002,2019-10-24 00:00:00+00:00,71257,57.0,45.0,65.0,,,1.0,17.0,1.0
Psn_QC_500m_2019305_aid0002,aid0002,2019-11-01 00:00:00+00:00,68962,1608.0,660.0,99.0,10.0,,86.0,5.0,13.0
Psn_QC_500m_2019313_aid0002,aid0002,2019-11-09 00:00:00+00:00,69640,1311.0,333.0,49.0,8.0,,74.0,27.0,1.0
Psn_QC_500m_2019321_aid0002,aid0002,2019-11-17 00:00:00+00:00,65146,3453.0,1678.0,50.0,6.0,8.0,766.0,221.0,115.0
Psn_QC_500m_2019329_aid0002,aid0002,2019-11-25 00:00:00+00:00,69373,1119.0,834.0,22.0,2.0,6.0,62.0,24.0,1.0
Psn_QC_500m_2019337_aid0002,aid0002,2019-12-03 00:00:00+00:00,69644,1043.0,650.0,60.0,6.0,,36.0,4.0,
Psn_QC_500m_2019345_aid0002,aid0002,2019-12-11 00:00:00+00:00,70309,937.0,132.0,25.0,5.0,,4.0,31.0,
Psn_QC_500m_2019353_aid0002,aid0002,2019-12-19 00:00:00+00:00,70252,1047.0,64.0,28.0,3.0,,26.0,19.0,4.0
Psn_QC_500m_2019361_aid0002,aid0002,2019-12-27 00:00:00+00:00,69244,2057.0,113.0,20.0,1.0,,3.0,1.0,4.0
Psn_QC_500m_2020001_aid0002,aid0002,2020-01-01 00:00:00+00:00,68905,2347.0,133.0,28.0,9.0,2.0,4.0,6.0,9.0
Psn_QC_500m_2020009_aid0002,aid0002,2020-01-09 00:00:00+00:00,69673,1648.0,57.0,18.0,4.0,,42.0,,1.0
Psn_QC_500m_2020017_aid0002,aid0002,2020-01-17 00:00:00+00:00,71177,201.0,15.0,14.0,3.0,,13.0,20.0,
Psn_QC_500m_2020025_aid0002,aid0002,2020-01-25 00:00:00+00:00,45351,21377.0,2727.0,2.0,,2.0,259.0,1704.0,21.0
Psn_QC_500m_2020033_aid0002,aid0002,2020-02-02 00:00:00+00:00,67061,3647.0,696.0,14.0,6.0,1.0,18.0,,
Psn_QC_500m_2020041_aid0002,aid0002,2020-02-10 00:00:00+00:00,68014,3281.0,107.0,16.0,2.0,,22.0,1.0,
Psn_QC_500m_2020049_aid0002,aid0002,2020-02-18 00:00:00+00:00,68617,2656.0,121.0,24.0,11.0,,8.0,1.0,5.0
Psn_QC_500m_2020057_aid0002,aid0002,2020-02-26 00:00:00+00:00,69293,1916.0,219.0,7.0,5.0,,3.0,,
Psn_QC_500m_2020065_aid0002,aid0002,2020-03-05 00:00:00+00:00,67113,3522.0,784.0,3.0,3.0,3.0,13.0,2.0,
Psn_QC_500m_2020073_aid0002,aid0002,2020-03-13 00:00:00+00:00,67144,3425.0,655.0,13.0,4.0,3.0,70.0,122.0,7.0
Psn_QC_500m_2020081_aid0002,aid0002,2020-03-21 00:00:00+00:00,65012,3477.0,2926.0,10.0,12.0,2.0,4.0,,
Psn_QC_500m_2020089_aid0002,aid0002,2020-03-29 00:00:00+00:00,65018,5444.0,635.0,34.0,8.0,,159.0,144.0,1.0
Psn_QC_500m_2020097_aid0002,aid0002,2020-04-06 00:00:00+00:00,68420,2345.0,434.0,26.0,15.0,10.0,193.0,,
Psn_QC_500m_2020105_aid0002,aid0002,2020-04-14 00:00:00+00:00,43450,22221.0,5556.0,54.0,6.0,,15.0,128.0,13.0
Psn_QC_500m_2020113_aid0002,aid0002,2020-04-22 00:00:00+00:00,63308,5400.0,1643.0,146.0,13.0,13.0,835.0,56.0,29.0
Psn_QC_500m_2020121_aid0002,aid0002,2020-04-30 00:00:00+00:00,49871,11661.0,6859.0,89.0,23.0,13.0,792.0,1833.0,302.0
Psn_QC_500m_2020129_aid0002,aid0002,2020-05-08 00:00:00+00:00,67193,2632.0,861.0,429.0,82.0,13.0,173.0,57.0,3.0
Psn_QC_500m_2020137_aid0002,aid0002,2020-05-16 00:00:00+00:00,60211,4855.0,2090.0,513.0,9.0,4.0,1824.0,1711.0,226.0
Psn_QC_500m_2020145_aid0002,aid0002,2020-05-24 00:00:00+00:00,55273,5179.0,3274.0,451.0,12.0,74.0,3599.0,2760.0,821.0
Psn_QC_500m_2020153_aid0002,aid0002,2020-06-01 00:00:00+00:00,51479,8215.0,5330.0,336.0,26.0,16.0,1568.0,3628.0,845.0
Psn_QC_500m_2020161_aid0002,aid0002,2020-06-09 00:00:00+00:00,56675,5334.0,6946.0,341.0,31.0,51.0,708.0,1001.0,356.0
Psn_QC_500m_2020169_aid0002,aid0002,2020-06-17 00:00:00+00:00,57907,5916.0,4888.0,376.0,16.0,38.0,872.0,1045.0,385.0
Psn_QC_500m_2020177_aid0002,aid0002,2020-06-25 00:00:00+00:00,21150,21020.0,9061.0,135.0,14.0,29.0,1867.0,16644.0,1523.0
Psn_QC_500m_2020185_aid0002,aid0002,2020-07-03 00:00:00+00:00,22547,22887.0,5934.0,164.0,34.0,13.0,940.0,18244.0,680.0
Psn_QC_500m_2020193_aid0002,aid0002,2020-07-11 00:00:00+00:00,30982,7165.0,1779.0,348.0,25.0,30.0,14657.0,15100.0,1357.0
Psn_QC_500m_2020201_aid0002,aid0002,2020-07-19 00:00:00+00:00,1527,16038.0,2510.0,,7.0,11.0,148.0,50432.0,770.0
Psn_QC_500m_2020209_aid0002,aid0002,2020-07-27 00:00:00+00:00,7388,11971.0,2520.0,96.0,11.0,15.0,2834.0,45183.0,1425.0
Psn_QC_500m_2020217_aid0002,aid0002,2020-08-04 00:00:00+00:00,4021,20048.0,4535.0,39.0,10.0,47.0,518.0,40427.0,1798.0
Psn_QC_500m_2020225_aid0002,aid0002,2020-08-12 00:00:00+00:00,23030,16611.0,2663.0,498.0,42.0,28.0,2777.0,24957.0,837.0
Psn_QC_500m_2020233_aid0002,aid0002,2020-08-20 00:00:00+00:00,35550,14966.0,6208.0,834.0,34.0,89.0,3820.0,8388.0,1554.0
Psn_QC_500m_2020241_aid0002,aid0002,2020-08-28 00:00:00+00:00,34755,8497.0,4299.0,61.0,24.0,14.0,4270.0,18241.0,1282.0
Psn_QC_500m_2020249_aid0002,aid0002,2020-09-05 00:00:00+00:00,41392,12004.0,4733.0,774.0,49.0,70.0,4562.0,7155.0,704.0
Psn_QC_500m_2020257_aid0002,aid0002,2020-09-13 00:00:00+00:00,51129,4921.0,3710.0,2109.0,31.0,119.0,4776.0,4169.0,479.0
Psn_QC_500m_2020265_aid0002,aid0002,2020-09-21 00:00:00+00:00,51041,7416.0,5140.0,627.0,60.0,49.0,3168.0,3232.0,710.0
Psn_QC_500m_2020273_aid0002,aid0002,2020-09-29 00:00:00+00:00,60853,3739.0,2070.0,839.0,45.0,46.0,3779.0,57.0,15.0
Psn_QC_500m_2020281_aid0002,aid0002,2020-10-07 00:00:00+00:00,70413,481.0,227.0,219.0,31.0,9.0,53.0,7.0,3.0
Psn_QC_500m_2020289_aid0002,aid0002,2020-10-15 00:00:00+00:00,67590,2343.0,884.0,353.0,30.0,19.0,191.0,6.0,27.0
Psn_QC_500m_2020297_aid0002,aid0002,2020-10-23 00:00:00+00:00,71267,65.0,28.0,68.0,,,15.0,,
Psn_QC_500m_2020305_aid0002,aid0002,2020-10-31 00:00:00+00:00,70128,927.0,278.0,47.0,10.0,10.0,15.0,26.0,2.0
Psn_QC_500m_2020313_aid0002,aid0002,2020-11-08 00:00:00+00:00,70472,713.0,147.0,51.0,2.0,,29.0,29.0,
Psn_QC_500m_2020321_aid0002,aid0002,2020-11-16 00:00:00+00:00,71180,194.0,30.0,28.0,1.0,,6.0,4.0,
Psn_QC_500m_2020329_aid0002,aid0002,2020-11-24 00:00:00+00:00,68004,2619.0,398.0,24.0,5.0,2.0,234.0,138.0,19.0
Psn_QC_500m_2020337_aid0002,aid0002,2020-12-02 00:00:00+00:00,70587,640.0,81.0,44.0,,3.0,49.0,39.0,
Psn_QC_500m_2020345_aid0002,aid0002,2020-12-10 00:00:00+00:00,71327,,,17.0,,,99.0,,
Psn_QC_500m_2020353_aid0002,aid0002,2020-12-18 00:00:00+00:00,70034,1225.0,125.0,8.0,4.0,,28.0,17.0,2.0
Psn_QC_500m_2020361_aid0002,aid0002,2020-12-26 00:00:00+00:00,70305,997.0,8.0,20.0,9.0,,104.0,,
Psn_QC_500m_2021001_aid0002,aid0002,2021-01-01 00:00:00+00:00,70656,671.0,10.0,10.0,9.0,,43.0,41.0,3.0
Psn_QC_500m_2021009_aid0002,aid0002,2021-01-09 00:00:00+00:00,66668,2832.0,1192.0,11.0,,,201.0,501.0,38.0
Psn_QC_500m_2021017_aid0002,aid0002,2021-01-17 00:00:00+00:00,70309,1035.0,53.0,4.0,,,18.0,22.0,2.0
Psn_QC_500m_2021025_aid0002,aid0002,2021-01-25 00:00:00+00:00,71341,38.0,,14.0,,,50.0,,
Psn_QC_500m_2021033_aid0002,aid0002,2021-02-02 00:00:00+00:00,68156,2810.0,442.0,,7.0,,5.0,16.0,7.0
Psn_QC_500m_2021041_aid0002,aid0002,2021-02-10 00:00:00+00:00,68604,2580.0,135.0,10.0,3.0,,99.0,12.0,
Psn_QC_500m_2021049_aid0002,aid0002,2021-02-18 00:00:00+00:00,65998,4185.0,1247.0,3.0,,,7.0,3.0,
Psn_QC_500m_2021057_aid0002,aid0002,2021-02-26 00:00:00+00:00,68268,3057.0,93.0,11.0,,,7.0,7.0,
Psn_QC_500m_2021065_aid0002,aid0002,2021-03-06 00:00:00+00:00,69710,1662.0,13.0,14.0,5.0,,25.0,7.0,7.0
Psn_QC_500m_2021073_aid0002,aid0002,2021-03-14 00:00:00+00:00,68608,2737.0,49.0,10.0,,,39.0,,
Psn_QC_500m_2021081_aid0002,aid0002,2021-03-22 00:00:00+00:00,71180,243.0,13.0,,,,4.0,,3.0
Psn_QC_500m_2021089_aid0002,aid0002,2021-03-30 00:00:00+00:00,67096,4236.0,85.0,6.0,1.0,,14.0,5.0,
Psn_QC_500m_2021097_aid0002,aid0002,2021-04-07 00:00:00+00:00,65499,5751.0,191.0,1.0,1.0,,,,
Psn_QC_500m_2021105_aid0002,aid0002,2021-04-15 00:00:00+00:00,62764,8321.0,336.0,2.0,,,10.0,6.0,4.0
Psn_QC_500m_2021113_aid0002,aid0002,2021-04-23 00:00:00+00:00,34118,32361.0,2715.0,,2.0,,104.0,2125.0,18.0
Psn_QC_500m_2021121_aid0002,aid0002,2021-05-01 00:00:00+00:00,36764,26084.0,5819.0,2.0,2.0,5.0,108.0,2585.0,74.0
Psn_QC_500m_2021129_aid0002,aid0002,2021-05-09 00:00:00+00:00,48397,14688.0,3712.0,35.0,8.0,6.0,444.0,3987.0,166.0
Psn_QC_500m_2021137_aid0002,aid0002,2021-05-17 00:00:00+00:00,67251,3189.0,625.0,188.0,10.0,,71.0,89.0,20.0
Psn_QC_500m_2021145_aid0002,aid0002,2021-05-25 00:00:00+00:00,67913,2740.0,135.0,587.0,16.0,5.0,47.0,,
Psn_QC_500m_2021153_aid0002,aid0002,2021-06-02 00:00:00+00:00,63007,5515.0,1243.0,451.0,45.0,32.0,460.0,622.0,68.0
Psn_QC_500m_2021161_aid0002,aid0002,2021-06-10 00:00:00+00:00,38393,20477.0,3406.0,51.0,25.0,,1350.0,7345.0,396.0
Psn_QC_500m_2021169_aid0002,aid0002,2021-06-18 00:00:00+00:00,38380,17312.0,8181.0,99.0,11.0,12.0,722.0,6147.0,579.0
Psn_QC_500m_2021177_aid0002,aid0002,2021-06-26 00:00:00+00:00,47560,8930.0,5372.0,210.0,40.0,42.0,1591.0,6127.0,1571.0
Psn_QC_500m_2021185_aid0002,aid0002,2021-07-04 00:00:00+00:00,29999,17626.0,7165.0,145.0,21.0,38.0,1948.0,12173.0,2328.0
Psn_QC_500m_2021193_aid0002,aid0002,2021-07-12 00:00:00+00:00,7233,10030.0,4278.0,25.0,2.0,20.0,1966.0,43805.0,4084.0
Psn_QC_500m_2021201_aid0002,aid0002,2021-07-20 00:00:00+00:00,12403,13467.0,2103.0,31.0,7.0,7.0,1286.0,41158.0,981.0
Psn_QC_500m_2021209_aid0002,aid0002,2021-07-28 00:00:00+00:00,20345,13676.0,3621.0,10.0,23.0,17.0,4865.0,26067.0,2819.0
Psn_QC_500m_2021217_aid0002,aid0002,2021-08-05 00:00:00+00:00,23342,21662.0,5164.0,177.0,39.0,45.0,3040.0,16482.0,1492.0
Psn_QC_500m_2021225_aid0002,aid0002,2021-08-13 00:00:00+00:00,27978,15154.0,7453.0,231.0,68.0,101.0,6027.0,13499.0,932.0
Psn_QC_500m_2021233_aid0002,aid0002,2021-08-21 00:00:00+00:00,57722,3585.0,3654.0,622.0,76.0,55.0,4378.0,1032.0,319.0
Psn_QC_500m_2021241_aid0002,aid0002,2021-08-29 00:00:00+00:00,29685,10037.0,11831.0,431.0,54.0,155.0,6707.0,8945.0,3598.0
Psn_QC_500m_2021249_aid0002,aid0002,2021-09-06 00:00:00+00:00,39998,8202.0,5540.0,1728.0,92.0,158.0,8372.0,6298.0,1055.0
Psn_QC_500m_2021257_aid0002,aid0002,2021-09-14 00:00:00+00:00,45700,5298.0,4568.0,3395.0,43.0,249.0,7453.0,3127.0,1610.0
Psn_QC_500m_2021265_aid0002,aid0002,2021-09-22 00:00:00+00:00,26342,10710.0,13073.0,294.0,43.0,14.0,11375.0,7031.0,2561.0
Psn_QC_500m_2021273_aid0002,aid0002,2021-09-30 00:00:00+00:00,46106,8301.0,4403.0,1315.0,33.0,29.0,3992.0,6451.0,813.0
Psn_QC_500m_2021281_aid0002,aid0002,2021-10-08 00:00:00+00:00,60109,4006.0,3477.0,646.0,31.0,41.0,2328.0,551.0,254.0
Psn_QC_500m_2021289_aid0002,aid0002,2021-10-16 00:00:00+00:00,70899,82.0,66.0,369.0,2.0,17.0,4.0,4.0,
Psn_QC_500m_2021297_aid0002,aid0002,2021-10-24 00:00:00+00:00,71192,62.0,5.0,143.0,,,41.0,,
Psn_QC_500m_2021305_aid0002,aid0002,2021-11-01 00:00:00+00:00,69452,1192.0,283.0,93.0,12.0,,389.0,17.0,5.0
Psn_QC_500m_2021313_aid0002,aid0002,2021-11-09 00:00:00+00:00,69647,1473.0,193.0,75.0,8.0,,28.0,19.0,
Psn_QC_500m_2021321_aid0002,aid0002,2021-11-17 00:00:00+00:00,70878,351.0,178.0,36.0,,,,,
Psn_QC_500m_2021329_aid0002,aid0002,2021-11-25 00:00:00+00:00,70401,895.0,135.0,9.0,1.0,,2.0,,
Psn_QC_500m_2021337_aid0002,aid0002,2021-12-03 00:00:00+00:00,71315,23.0,14.0,24.0,,,41.0,20.0,6.0
Psn_QC_500m_2021345_aid0002,aid0002,2021-12-11 00:00:00+00:00,70914,418.0,61.0,6.0,3.0,,31.0,,10.0
Psn_QC_500m_2021353_aid0002,aid0002,2021-12-19 00:00:00+00:00,69256,1782.0,375.0,9.0,3.0,,15.0,3.0,
Psn_QC_500m_2021361_aid0002,aid0002,2021-12-27 00:00:00+00:00,69215,1922.0,269.0,8.0,6.0,,7.0,10.0,6.0
Psn_QC_500m_2022001_aid0002,aid0002,2022-01-01 00:00:00+00:00,57532,10003.0,3250.0,9.0,6.0,4.0,298.0,294.0,47.0
Psn_QC_500m_2022009_aid0002,aid0002,2022-01-09 00:00:00+00:00,68709,2382.0,321.0,13.0,6.0,,5.0,3.0,4.0
Psn_QC_500m_2022017_aid0002,aid0002,2022-01-17 00:00:00+00:00,54848,8616.0,7851.0,2.0,,,33.0,93.0,
Psn_QC_500m_2022025_aid0002,aid0002,2022-01-25 00:00:00+00:00,71292,92.0,6.0,12.0,,,41.0,,
Psn_QC_500m_2022033_aid0002,aid0002,2022-02-02 00:00:00+00:00,65268,4377.0,1797.0,,,,1.0,,
Psn_QC_500m_2022041_aid0002,aid0002,2022-02-10 00:00:00+00:00,69802,1596.0,14.0,10.0,,,21.0,,
Psn_QC_500m_2022049_aid0002,aid0002,2022-02-18 00:00:00+00:00,67086,4120.0,225.0,4.0,2.0,,4.0,2.0,
Psn_QC_500m_2022057_aid0002,aid0002,2022-02-26 00:00:00+00:00,68529,2810.0,81.0,9.0,2.0,,11.0,1.0,
Psn_QC_500m_2022065_aid0002,aid0002,2022-03-06 00:00:00+00:00,70046,1355.0,34.0,1.0,,,7.0,,
Psn_QC_500m_2022073_aid0002,aid0002,2022-03-14 00:00:00+00:00,68168,3215.0,47.0,4.0,2.0,,4.0,3.0,
Psn_QC_500m_2022081_aid0002,aid0002,2022-03-22 00:00:00+00:00,66802,3752.0,856.0,7.0,,8.0,5.0,12.0,1.0
Psn_QC_500m_2022089_aid0002,aid0002,2022-03-30 00:00:00+00:00,69587,1812.0,24.0,4.0,2.0,,14.0,,
Psn_QC_500m_2022097_aid0002,aid0002,2022-04-07 00:00:00+00:00,62632,7803.0,974.0,16.0,,,15.0,3.0,
Psn_QC_500m_2022105_aid0002,aid0002,2022-04-15 00:00:00+00:00,60923,8971.0,1322.0,12.0,4.0,,55.0,149.0,7.0
Psn_QC_500m_2022113_aid0002,aid0002,2022-04-23 00:00:00+00:00,55505,12855.0,1524.0,7.0,13.0,,366.0,1126.0,47.0
Psn_QC_500m_2022121_aid0002,aid0002,2022-05-01 00:00:00+00:00,65852,4464.0,1072.0,32.0,10.0,4.0,7.0,2.0,
Psn_QC_500m_2022129_aid0002,aid0002,2022-05-09 00:00:00+00:00,69421,1980.0,21.0,20.0,,,1.0,,
Psn_QC_500m_2022137_aid0002,aid0002,2022-05-17 00:00:00+00:00,61354,9556.0,189.0,18.0,15.0,,97.0,201.0,13.0
Psn_QC_500m_2022145_aid0002,aid0002,2022-05-25 00:00:00+00:00,56410,11587.0,2135.0,15.0,3.0,,290.0,925.0,78.0
Psn_QC_500m_2022153_aid0002,aid0002,2022-06-02 00:00:00+00:00,47730,14299.0,2497.0,25.0,,5.0,752.0,5917.0,218.0
Psn_QC_500m_2022161_aid0002,aid0002,2022-06-10 00:00:00+00:00,56096,10608.0,2460.0,27.0,3.0,5.0,340.0,1764.0,140.0
Psn_QC_500m_2022169_aid0002,aid0002,2022-06-18 00:00:00+00:00,52228,12675.0,3406.0,14.0,11.0,4.0,339.0,2548.0,218.0
Psn_QC_500m_2022177_aid0002,aid0002,2022-06-26 00:00:00+00:00,42838,15162.0,4542.0,41.0,15.0,18.0,868.0,7552.0,407.0
Psn_QC_500m_2022185_aid0002,aid0002,2022-07-04 00:00:00+00:00,42671,10433.0,7204.0,57.0,7.0,21.0,1023.0,8361.0,1666.0
Psn_QC_500m_2022193_aid0002,aid0002,2022-07-12 00:00:00+00:00,9667,11438.0,2759.0,27.0,5.0,9.0,988.0,45207.0,1343.0
Psn_QC_500m_2022201_aid0002,aid0002,2022-07-20 00:00:00+00:00,43843,7557.0,4726.0,473.0,17.0,32.0,3798.0,8726.0,2271.0
Psn_QC_500m_2022209_aid0002,aid0002,2022-07-28 00:00:00+00:00,4917,14825.0,2333.0,293.0,12.0,15.0,942.0,47331.0,775.0
Psn_QC_500m_2022217_aid0002,aid0002,2022-08-05 00:00:00+00:00,19233,20404.0,9464.0,182.0,29.0,56.0,2790.0,17266.0,2019.0
Psn_QC_500m_2022225_aid0002,aid0002,2022-08-13 00:00:00+00:00,29668,11209.0,8785.0,309.0,25.0,32.0,2377.0,17117.0,1921.0
Psn_QC_500m_2022233_aid0002,aid0002,2022-08-21 00:00:00+00:00,31080,12278.0,6240.0,402.0,23.0,11.0,12663.0,6988.0,1758.0
Psn_QC_500m_2022241_aid0002,aid0002,2022-08-29 00:00:00+00:00,21209,11405.0,6289.0,452.0,33.0,92.0,5501.0,21902.0,4560.0
Psn_QC_500m_2022249_aid0002,aid0002,2022-09-06 00:00:00+00:00,28473,10663.0,6190.0,678.0,58.0,88.0,7470.0,15979.0,1844.0
Psn_QC_500m_2022257_aid0002,aid0002,2022-09-14 00:00:00+00:00,45520,8367.0,4463.0,878.0,32.0,59.0,3808.0,6960.0,1356.0
Psn_QC_500m_2022265_aid0002,aid0002,2022-09-22 00:00:00+00:00,44189,10171.0,4394.0,1037.0,48.0,37.0,6258.0,4780.0,529.0
Psn_QC_500m_2022273_aid0002,aid0002,2022-09-30 00:00:00+00:00,44941,6983.0,7218.0,1219.0,41.0,38.0,6209.0,3963.0,831.0
Psn_QC_500m_2022281_aid0002,aid0002,2022-10-08 00:00:00+00:00,17464,8055.0,5487.0,92.0,27.0,41.0,19865.0,18547.0,1865.0
Psn_QC_500m_2022297_aid0002,aid0002,2022-10-24 00:00:00+00:00,67919,2022.0,812.0,280.0,14.0,9.0,262.0,101.0,24.0
Psn_QC_500m_2022305_aid0002,aid0002,2022-11-01 00:00:00+00:00,71104,221.0,11.0,72.0,6.0,2.0,27.0,,
Psn_QC_500m_2022313_aid0002,aid0002,2022-11-09 00:00:00+00:00,67929,1935.0,1368.0,49.0,14.0,3.0,100.0,28.0,17.0
Psn_QC_500m_2022321_aid0002,aid0002,2022-11-17 00:00:00+00:00,70897,320.0,78.0,56.0,3.0,,87.0,1.0,1.0
Psn_QC_500m_2022329_aid0002,aid0002,2022-11-25 00:00:00+00:00,70712,433.0,256.0,31.0,1.0,5.0,5.0,,
Psn_QC_500m_2022337_aid0002,aid0002,2022-12-03 00:00:00+00:00,71291,71.0,16.0,15.0,1.0,,49.0,,
Psn_QC_500m_2022345_aid0002,aid0002,2022-12-11 00:00:00+00:00,69484,1743.0,140.0,18.0,2.0,6.0,37.0,13.0,
Psn_QC_500m_2022353_aid0002,aid0002,2022-12-19 00:00:00+00:00,66321,3461.0,1242.0,6.0,1.0,,217.0,159.0,36.0
Psn_QC_500m_2022361_aid0002,aid0002,2022-12-27 00:00:00+00:00,66410,3171.0,962.0,11.0,,,278.0,472.0,139.0
Psn_QC_500m_2023001_aid0002,aid0002,2023-01-01 00:00:00+00:00,70614,633.0,158.0,17.0,,,15.0,3.0,3.0
Psn_QC_500m_2023009_aid0002,aid0002,2023-01-09 00:00:00+00:00,70699,634.0,9.0,13.0,1.0,,87.0,,
Psn_QC_500m_2023017_aid0002,aid0002,2023-01-17 00:00:00+00:00,71251,131.0,,8.0,,,53.0,,
Psn_QC_500m_2023025_aid0002,aid0002,2023-01-25 00:00:00+00:00,70746,645.0,14.0,6.0,1.0,,14.0,13.0,4.0
Psn_QC_500m_2023033_aid0002,aid0002,2023-02-02 00:00:00+00:00,71340,50.0,,7.0,,,46.0,,
Psn_QC_500m_2023041_aid0002,aid0002,2023-02-10 00:00:00+00:00,71124,221.0,5.0,8.0,,,75.0,,10.0
Psn_QC_500m_2023049_aid0002,aid0002,2023-02-18 00:00:00+00:00,70820,565.0,21.0,,,,37.0,,
Psn_QC_500m_2023057_aid0002,aid0002,2023-02-26 00:00:00+00:00,59939,9203.0,1789.0,5.0,5.0,,53.0,446.0,3.0
Psn_QC_500m_2023065_aid0002,aid0002,2023-03-06 00:00:00+00:00,68371,2640.0,381.0,18.0,1.0,,11.0,19.0,2.0
Psn_QC_500m_2023073_aid0002,aid0002,2023-03-14 00:00:00+00:00,62158,6707.0,2093.0,5.0,11.0,6.0,135.0,322.0,6.0
Psn_QC_500m_2023081_aid0002,aid0002,2023-03-22 00:00:00+00:00,35846,27834.0,6843.0,5.0,6.0,14.0,234.0,582.0,79.0
Psn_QC_500m_2023089_aid0002,aid0002,2023-03-30 00:00:00+00:00,65733,3198.0,1684.0,51.0,16.0,2.0,540.0,205.0,14.0
Psn_QC_500m_2023097_aid0002,aid0002,2023-04-07 00:00:00+00:00,61038,8135.0,2216.0,23.0,7.0,2.0,20.0,1.0,1.0
Psn_QC_500m_2023105_aid0002,aid0002,2023-04-15 00:00:00+00:00,57401,6907.0,6282.0,42.0,21.0,10.0,437.0,305.0,38.0
Psn_QC_500m_2023113_aid0002,aid0002,2023-04-23 00:00:00+00:00,48367,5357.0,623.0,101.0,26.0,,9001.0,7746.0,222.0
Psn_QC_500m_2023121_aid0002,aid0002,2023-05-01 00:00:00+00:00,57517,6323.0,2624.0,469.0,19.0,32.0,2149.0,1833.0,477.0
Psn_QC_500m_2023129_aid0002,aid0002,2023-05-09 00:00:00+00:00,58316,5815.0,3944.0,242.0,13.0,29.0,1314.0,1365.0,405.0
Psn_QC_500m_2023137_aid0002,aid0002,2023-05-17 00:00:00+00:00,62331,1513.0,1810.0,1366.0,12.0,6.0,4180.0,160.0,65.0
Psn_QC_500m_2023145_aid0002,aid0002,2023-05-25 00:00:00+00:00,51662,7157.0,8037.0,1451.0,46.0,35.0,1120.0,1331.0,604.0
Psn_QC_500m_2023153_aid0002,aid0002,2023-06-02 00:00:00+00:00,57405,4379.0,4957.0,1395.0,6.0,36.0,2202.0,665.0,398.0
Psn_QC_500m_2023161_aid0002,aid0002,2023-06-10 00:00:00+00:00,34604,18319.0,8939.0,267.0,8.0,40.0,1354.0,7095.0,817.0
Psn_QC_500m_2023169_aid0002,aid0002,2023-06-18 00:00:00+00:00,44375,9977.0,7931.0,671.0,22.0,27.0,2983.0,4027.0,1430.0
Psn_QC_500m_2023177_aid0002,aid0002,2023-06-26 00:00:00+00:00,33679,17928.0,7414.0,79.0,19.0,35.0,2406.0,8055.0,1828.0
Psn_QC_500m_2023185_aid0002,aid0002,2023-07-04 00:00:00+00:00,23206,11709.0,6200.0,313.0,20.0,63.0,5933.0,19809.0,4190.0
Psn_QC_500m_2023193_aid0002,aid0002,2023-07-12 00:00:00+00:00,41037,11547.0,9404.0,295.0,38.0,47.0,2091.0,5776.0,1208.0
Psn_QC_500m_2023201_aid0002,aid0002,2023-07-20 00:00:00+00:00,12349,20530.0,9256.0,9.0,13.0,4.0,2662.0,23353.0,3267.0
Psn_QC_500m_2023209_aid0002,aid0002,2023-07-28 00:00:00+00:00,2739,9723.0,5558.0,,30.0,66.0,599.0,50336.0,2392.0
Psn_QC_500m_2023217_aid0002,aid0002,2023-08-05 00:00:00+00:00,18114,13591.0,7880.0,93.0,33.0,58.0,6088.0,22776.0,2810.0
Psn_QC_500m_2023225_aid0002,aid0002,2023-08-13 00:00:00+00:00,63199,2755.0,2036.0,487.0,16.0,35.0,1720.0,1079.0,116.0
Psn_QC_500m_2023233_aid0002,aid0002,2023-08-21 00:00:00+00:00,54091,4616.0,3611.0,292.0,4.0,15.0,7303.0,1108.0,403.0
Psn_QC_500m_2023241_aid0002,aid0002,2023-08-29 00:00:00+00:00,47281,6673.0,3320.0,343.0,23.0,12.0,5670.0,7429.0,692.0
Psn_QC_500m_2023249_aid0002,aid0002,2023-09-06 00:00:00+00:00,34009,11155.0,3600.0,70.0,23.0,8.0,7999.0,13484.0,1095.0
Psn_QC_500m_2023257_aid0002,aid0002,2023-09-14 00:00:00+00:00,27792,20962.0,5119.0,281.0,36.0,20.0,8026.0,8881.0,326.0
Psn_QC_500m_2023265_aid0002,aid0002,2023-09-22 00:00:00+00:00,41864,8448.0,5338.0,335.0,29.0,17.0,11431.0,3358.0,623.0
Psn_QC_500m_2023273_aid0002,aid0002,2023-09-30 00:00:00+00:00,70037,408.0,471.0,307.0,1.0,4.0,202.0,3.0,10.0
Psn_QC_500m_2023281_aid0002,aid0002,2023-10-08 00:00:00+00:00,69609,850.0,568.0,181.0,6.0,1.0,199.0,13.0,16.0
Psn_QC_500m_2023289_aid0002,aid0002,2023-10-16 00:00:00+00:00,50124,11745.0,7048.0,88.0,10.0,4.0,2156.0,68.0,200.0
Psn_QC_500m_2023297_aid0002,aid0002,2023-10-24 00:00:00+00:00,56152,8356.0,4147.0,34.0,4.0,7.0,814.0,1662.0,267.0
Psn_QC_500m_2023305_aid0002,aid0002,2023-11-01 00:00:00+00:00,63668,4113.0,1693.0,41.0,22.0,3.0,510.0,1354.0,39.0
Psn_QC_500m_2023313_aid0002,aid0002,2023-11-09 00:00:00+00:00,70692,403.0,254.0,65.0,2.0,,26.0,,1.0
Psn_QC_500m_2023321_aid0002,aid0002,2023-11-17 00:00:00+00:00,68722,1328.0,1306.0,67.0,,,16.0,4.0,
Psn_QC_500m_2023329_aid0002,aid0002,2023-11-25 00:00:00+00:00,71285,59.0,8.0,32.0,,,59.0,,
Psn_QC_500m_2023337_aid0002,aid0002,2023-12-03 00:00:00+00:00,70442,691.0,243.0,53.0,8.0,,1.0,2.0,3.0
Psn_QC_500m_2023345_aid0002,aid0002,2023-12-11 00:00:00+00:00,70733,547.0,52.0,40.0,2.0,,60.0,9.0,
Psn_QC_500m_2023353_aid0002,aid0002,2023-12-19 00:00:00+00:00,71035,289.0,56.0,22.0,2.0,,37.0,2.0,
Psn_QC_500m_2023361_aid0002,aid0002,2023-12-27 00:00:00+00:00,67637,2433.0,1345.0,16.0,3.0,,6.0,3.0,
Psn_QC_500m_2024001_aid0002,aid0002,2024-01-01 00:00:00+00:00,70292,898.0,203.0,21.0,3.0,,16.0,9.0,1.0
